,fasta_id,smiles,pred_log10[kcat(s^-1)],pred_log10[Km(mM)],pred_log10[kcat/Km(s^-1mM^-1)]
0,P0A796_wild,C1=NC(=C2C(=N1)N(C=N2)[C@H]3[C@@H]([C@@H]([C@H](O3)COP(=O)(O)OP(=O)(O)OP(=O)(O)O)O)O)N,1.8337256908416748,-0.7568584680557251,1.9361488819122314
1,P0A796_wild,C([C@@H]1[C@H]([C@@H]([C@](O1)(CO)O)O)O)OP(=O)(O)O,1.525600552558899,-0.2710246443748474,1.1398084163665771
2,P06999_wild,C1=NC(=C2C(=N1)N(C=N2)[C@H]3[C@@H]([C@@H]([C@H](O3)COP(=O)(O)OP(=O)(O)OP(=O)(O)O)O)O)N,0.5140382051467896,-0.5510222315788269,1.0597469806671143
3,P06999_wild,C([C@@H]1[C@H]([C@@H]([C@](O1)(CO)O)O)O)OP(=O)(O)O,0.2941661775112152,-0.1679382622241974,0.40835604071617126
4,P0A6T1_wild,C([C@@H]1[C@H]([C@@H]([C@H](C(O1)O)O)O)O)OP(=O)(O)O,2.051724910736084,-0.6838638782501221,1.9186391830444336
5,P0A6T1_wild,C([C@@H]1[C@H]([C@@H]([C@](O1)(CO)O)O)O)OP(=O)(O)O,1.730255126953125,-0.5502767562866211,1.5640604496002197
6,P0A799_wild,C([C@H](C(=O)O)O)OP(=O)(O)O,1.348990559577942,-0.016857607290148735,1.3762868642807007
7,P0A799_wild,C1=NC(=C2C(=N1)N(C=N2)[C@H]3[C@@H]([C@@H]([C@H](O3)COP(=O)(O)OP(=O)(O)OP(=O)(O)O)O)O)N,1.372976541519165,-0.4619409143924713,1.7355282306671143
8,P0A799_wild,C([C@H](C(=O)OP(=O)(O)O)O)OP(=O)(O)O,1.0723884105682373,-0.6416301131248474,1.5174704790115356
9,P0A799_wild,C1=NC(=C2C(=N1)N(C=N2)[C@H]3[C@@H]([C@@H]([C@H](O3)COP(=O)(O)OP(=O)(O)O)O)O)N,1.5348411798477173,-0.545229971408844,1.8969933986663818
10,P52697_wild,C([C@@H]1[C@H]([C@@H]([C@H](C(=O)O1)O)O)O)OP(=O)(O)O,2.2635207176208496,-0.6198165416717529,1.8621718883514404
11,P52697_wild,O,2.855337619781494,-0.12052136659622192,2.210024118423462
12,P77580_wild,CC=O,0.9583956599235535,1.5238568782806396,0.4056500494480133
13,P77580_wild,CC(C)(COP(=O)(O)OP(=O)(O)OC[C@@H]1[C@H]([C@H]([C@@H](O1)N2C=NC3=C(N=CN=C32)N)O)OP(=O)(O)O)[C@H](C(=O)NCCC(=O)NCCS)O,0.7303794622421265,-1.171445369720459,1.3808709383010864
14,P77580_wild,C1=CC(=C[N+](=C1)[C@H]2[C@@H]([C@@H]([C@H](O2)COP(=O)(O)OP(=O)(O)OC[C@@H]3[C@H]([C@H]([C@@H](O3)N4C=NC5=C(N=CN=C54)N)O)O)O)O)C(=O)N,1.3130487203598022,-0.1890392005443573,1.3798807859420776
15,P77580_wild,CC(=O)SCCNC(=O)CCNC(=O)[C@@H](C(C)(C)COP(=O)(O)OP(=O)(O)OC[C@@H]1[C@H]([C@H]([C@@H](O1)N2C=NC3=C(N=CN=C32)N)O)OP(=O)(O)O)O,0.9087956547737122,-1.0381321907043457,1.5334270000457764
16,P77580_wild,[H+],1.6428606510162354,0.5088766813278198,1.1681382656097412
17,P77580_wild,C1C=CN(C=C1C(=O)N)[C@H]2[C@@H]([C@@H]([C@H](O2)COP(=O)(O)OP(=O)(O)OC[C@@H]3[C@H]([C@H]([C@@H](O3)N4C=NC5=C(N=CN=C54)N)O)O)O)O,1.296266794204712,-0.6523841619491577,1.7884254455566406
18,P0A9Q7_wild,CC=O,0.8576081991195679,0.7956973910331726,0.841413140296936
19,P0A9Q7_wild,CC(C)(COP(=O)(O)OP(=O)(O)OC[C@@H]1[C@H]([C@H]([C@@H](O1)N2C=NC3=C(N=CN=C32)N)O)OP(=O)(O)O)[C@H](C(=O)NCCC(=O)NCCS)O,0.7794483304023743,-1.6703758239746094,1.8141599893569946
20,P0A9Q7_wild,C1=CC(=C[N+](=C1)[C@H]2[C@@H]([C@@H]([C@H](O2)COP(=O)(O)OP(=O)(O)OC[C@@H]3[C@H]([C@H]([C@@H](O3)N4C=NC5=C(N=CN=C54)N)O)O)O)O)C(=O)N,1.2854254245758057,-0.7787233591079712,1.7511364221572876
21,P0A9Q7_wild,CC(=O)SCCNC(=O)CCNC(=O)[C@@H](C(C)(C)COP(=O)(O)OP(=O)(O)OC[C@@H]1[C@H]([C@H]([C@@H](O1)N2C=NC3=C(N=CN=C32)N)O)OP(=O)(O)O)O,0.938092052936554,-1.5843290090560913,1.9496660232543945
22,P0A9Q7_wild,[H+],1.603918433189392,-0.1349402815103531,1.4734528064727783
23,P0A9Q7_wild,C1C=CN(C=C1C(=O)N)[C@H]2[C@@H]([C@@H]([C@H](O2)COP(=O)(O)OP(=O)(O)OC[C@@H]3[C@H]([C@H]([C@@H](O3)N4C=NC5=C(N=CN=C54)N)O)O)O)O,1.3060557842254639,-1.2162762880325317,2.156698703765869
24,P37689_wild,C([C@H](C(=O)O)OP(=O)(O)O)O,1.6105760335922241,-0.5676883459091187,1.6774101257324219
25,P37689_wild,C([C@H](C(=O)O)O)OP(=O)(O)O,1.7796885967254639,-0.5105389356613159,1.7548916339874268
26,P0A7A2_wild,C([C@H](C(=O)O)OP(=O)(O)O)O,0.9242790937423706,0.10322657972574234,0.7699342370033264
27,P0A7A2_wild,C([C@H](C(=O)O)O)OP(=O)(O)O,0.9306149482727051,0.2041642665863037,0.7080063223838806
28,P62707_wild,C([C@H](C(=O)O)OP(=O)(O)O)O,1.68923819065094,-0.5200586318969727,1.6349971294403076
29,P62707_wild,C([C@H](C(=O)O)O)OP(=O)(O)O,1.7469654083251953,-0.46530014276504517,1.7083213329315186
30,P37689_wild,C([C@H](C(=O)O)OP(=O)(O)O)O,1.6105760335922241,-0.5676883459091187,1.6774101257324219
31,P37689_wild,C([C@H](C(=O)O)O)OP(=O)(O)O,1.7796885967254639,-0.5105389356613159,1.7548916339874268
32,P0A7A2_wild,C([C@H](C(=O)O)OP(=O)(O)O)O,0.9242790937423706,0.10322657972574234,0.7699342370033264
33,P0A7A2_wild,C([C@H](C(=O)O)O)OP(=O)(O)O,0.9306149482727051,0.2041642665863037,0.7080063223838806
34,P62707_wild,C([C@H](C(=O)O)OP(=O)(O)O)O,1.68923819065094,-0.5200586318969727,1.6349971294403076
35,P62707_wild,C([C@H](C(=O)O)O)OP(=O)(O)O,1.7469654083251953,-0.46530014276504517,1.7083213329315186
36,P25437_wild,CCO,1.2065703868865967,0.4020559787750244,1.0871168375015259
37,P25437_wild,C1=CC(=C[N+](=C1)[C@H]2[C@@H]([C@@H]([C@H](O2)COP(=O)(O)OP(=O)(O)OC[C@@H]3[C@H]([C@H]([C@@H](O3)N4C=NC5=C(N=CN=C54)N)O)O)O)O)C(=O)N,1.5517939329147339,-0.6989791393280029,1.7643598318099976
38,P25437_wild,CC=O,1.5365525484085083,0.18823322653770447,1.364033818244934
39,P25437_wild,[H+],1.9374278783798218,0.09577286243438721,1.4554084539413452
40,P25437_wild,C1C=CN(C=C1C(=O)N)[C@H]2[C@@H]([C@@H]([C@H](O2)COP(=O)(O)OP(=O)(O)OC[C@@H]3[C@H]([C@H]([C@@H](O3)N4C=NC5=C(N=CN=C54)N)O)O)O)O,1.6252721548080444,-1.128803014755249,2.207089424133301
41,P39451_wild,CCO,1.1816426515579224,0.6944622993469238,0.8195520639419556
42,P39451_wild,C1=CC(=C[N+](=C1)[C@H]2[C@@H]([C@@H]([C@H](O2)COP(=O)(O)OP(=O)(O)OC[C@@H]3[C@H]([C@H]([C@@H](O3)N4C=NC5=C(N=CN=C54)N)O)O)O)O)C(=O)N,1.4137803316116333,-0.3685418963432312,1.482726812362671
43,P39451_wild,CC=O,1.7564754486083984,0.5584535598754883,1.2187100648880005
44,P39451_wild,[H+],1.7762072086334229,0.3697912096977234,1.1728019714355469
45,P39451_wild,C1C=CN(C=C1C(=O)N)[C@H]2[C@@H]([C@@H]([C@H](O2)COP(=O)(O)OP(=O)(O)OC[C@@H]3[C@H]([C@H]([C@@H](O3)N4C=NC5=C(N=CN=C54)N)O)O)O)O,1.5362663269042969,-0.7709019780158997,1.9253394603729248
46,P0A9Q7_wild,CCO,0.7336359620094299,0.4326857626438141,0.9707940816879272
47,P0A9Q7_wild,C1=CC(=C[N+](=C1)[C@H]2[C@@H]([C@@H]([C@H](O2)COP(=O)(O)OP(=O)(O)OC[C@@H]3[C@H]([C@H]([C@@H](O3)N4C=NC5=C(N=CN=C54)N)O)O)O)O)C(=O)N,1.2854254245758057,-0.7787233591079712,1.7511364221572876
48,P0A9Q7_wild,CC=O,0.8576081991195679,0.7956973910331726,0.841413140296936
49,P0A9Q7_wild,[H+],1.603918433189392,-0.1349402815103531,1.4734528064727783
50,P0A9Q7_wild,C1C=CN(C=C1C(=O)N)[C@H]2[C@@H]([C@@H]([C@H](O2)COP(=O)(O)OP(=O)(O)OC[C@@H]3[C@H]([C@H]([C@@H](O3)N4C=NC5=C(N=CN=C54)N)O)O)O)O,1.3060557842254639,-1.2162762880325317,2.156698703765869
51,P25437_wild,CCO,1.2065703868865967,0.4020559787750244,1.0871168375015259
52,P25437_wild,C1=CC(=C[N+](=C1)[C@H]2[C@@H]([C@@H]([C@H](O2)COP(=O)(O)OP(=O)(O)OC[C@@H]3[C@H]([C@H]([C@@H](O3)N4C=NC5=C(N=CN=C54)N)O)O)O)O)C(=O)N,1.5517939329147339,-0.6989791393280029,1.7643598318099976
53,P25437_wild,CC=O,1.5365525484085083,0.18823322653770447,1.364033818244934
54,P25437_wild,[H+],1.9374278783798218,0.09577286243438721,1.4554084539413452
55,P25437_wild,C1C=CN(C=C1C(=O)N)[C@H]2[C@@H]([C@@H]([C@H](O2)COP(=O)(O)OP(=O)(O)OC[C@@H]3[C@H]([C@H]([C@@H](O3)N4C=NC5=C(N=CN=C54)N)O)O)O)O,1.6252721548080444,-1.128803014755249,2.207089424133301
56,P39451_wild,CCO,1.1816426515579224,0.6944622993469238,0.8195520639419556
57,P39451_wild,C1=CC(=C[N+](=C1)[C@H]2[C@@H]([C@@H]([C@H](O2)COP(=O)(O)OP(=O)(O)OC[C@@H]3[C@H]([C@H]([C@@H](O3)N4C=NC5=C(N=CN=C54)N)O)O)O)O)C(=O)N,1.4137803316116333,-0.3685418963432312,1.482726812362671
58,P39451_wild,CC=O,1.7564754486083984,0.5584535598754883,1.2187100648880005
59,P39451_wild,[H+],1.7762072086334229,0.3697912096977234,1.1728019714355469
60,P39451_wild,C1C=CN(C=C1C(=O)N)[C@H]2[C@@H]([C@@H]([C@H](O2)COP(=O)(O)OP(=O)(O)OC[C@@H]3[C@H]([C@H]([C@@H](O3)N4C=NC5=C(N=CN=C54)N)O)O)O)O,1.5362663269042969,-0.7709019780158997,1.9253394603729248
61,P0A9Q7_wild,CCO,0.7336359620094299,0.4326857626438141,0.9707940816879272
62,P0A9Q7_wild,C1=CC(=C[N+](=C1)[C@H]2[C@@H]([C@@H]([C@H](O2)COP(=O)(O)OP(=O)(O)OC[C@@H]3[C@H]([C@H]([C@@H](O3)N4C=NC5=C(N=CN=C54)N)O)O)O)O)C(=O)N,1.2854254245758057,-0.7787233591079712,1.7511364221572876
63,P0A9Q7_wild,CC=O,0.8576081991195679,0.7956973910331726,0.841413140296936
64,P0A9Q7_wild,[H+],1.603918433189392,-0.1349402815103531,1.4734528064727783
65,P0A9Q7_wild,C1C=CN(C=C1C(=O)N)[C@H]2[C@@H]([C@@H]([C@H](O2)COP(=O)(O)OP(=O)(O)OC[C@@H]3[C@H]([C@H]([C@@H](O3)N4C=NC5=C(N=CN=C54)N)O)O)O)O,1.3060557842254639,-1.2162762880325317,2.156698703765869
66,P11868_wild,CC(=O)O,2.0016345977783203,0.8922921419143677,0.949898898601532
67,P11868_wild,C1=NC(=C2C(=N1)N(C=N2)[C@H]3[C@@H]([C@@H]([C@H](O3)COP(=O)(O)OP(=O)(O)OP(=O)(O)O)O)O)N,2.0815627574920654,-0.4755062460899353,1.8422706127166748
68,P11868_wild,CC(=O)OP(=O)(O)O,2.427368640899658,-0.5602313876152039,2.2050728797912598
69,P11868_wild,C1=NC(=C2C(=N1)N(C=N2)[C@H]3[C@@H]([C@@H]([C@H](O3)COP(=O)(O)OP(=O)(O)O)O)O)N,2.1412863731384277,-0.5891551375389099,1.9720327854156494
70,P0A6A3_wild,CC(=O)O,2.1600940227508545,0.8079780340194702,1.0434656143188477
71,P0A6A3_wild,C1=NC(=C2C(=N1)N(C=N2)[C@H]3[C@@H]([C@@H]([C@H](O3)COP(=O)(O)OP(=O)(O)OP(=O)(O)O)O)O)N,2.1728312969207764,-0.5674720406532288,1.905091643333435
72,P0A6A3_wild,CC(=O)OP(=O)(O)O,2.6623153686523438,-0.701018214225769,2.391059398651123
73,P0A6A3_wild,C1=NC(=C2C(=N1)N(C=N2)[C@H]3[C@@H]([C@@H]([C@H](O3)COP(=O)(O)OP(=O)(O)O)O)O)N,2.246328115463257,-0.6711124181747437,2.0424067974090576
74,P33221_wild,CC(=O)O,0.004814615938812494,0.7897011637687683,-0.45605793595314026
75,P33221_wild,C1=NC(=C2C(=N1)N(C=N2)[C@H]3[C@@H]([C@@H]([C@H](O3)COP(=O)(O)OP(=O)(O)OP(=O)(O)O)O)O)N,0.058864347636699677,-0.7504674792289734,0.628829836845398
76,P33221_wild,CC(=O)OP(=O)(O)O,0.2558678984642029,-0.5575951337814331,0.6734110713005066
77,P33221_wild,C1=NC(=C2C(=N1)N(C=N2)[C@H]3[C@@H]([C@@H]([C@H](O3)COP(=O)(O)OP(=O)(O)O)O)O)N,0.13365969061851501,-0.8588120341300964,0.7608097791671753
78,P11868_wild,CC(=O)O,2.0016345977783203,0.8922921419143677,0.949898898601532
79,P11868_wild,C1=NC(=C2C(=N1)N(C=N2)[C@H]3[C@@H]([C@@H]([C@H](O3)COP(=O)(O)OP(=O)(O)OP(=O)(O)O)O)O)N,2.0815627574920654,-0.4755062460899353,1.8422706127166748
80,P11868_wild,CC(=O)OP(=O)(O)O,2.427368640899658,-0.5602313876152039,2.2050728797912598
81,P11868_wild,C1=NC(=C2C(=N1)N(C=N2)[C@H]3[C@@H]([C@@H]([C@H](O3)COP(=O)(O)OP(=O)(O)O)O)O)N,2.1412863731384277,-0.5891551375389099,1.9720327854156494
82,P0A6A3_wild,CC(=O)O,2.1600940227508545,0.8079780340194702,1.0434656143188477
83,P0A6A3_wild,C1=NC(=C2C(=N1)N(C=N2)[C@H]3[C@@H]([C@@H]([C@H](O3)COP(=O)(O)OP(=O)(O)OP(=O)(O)O)O)O)N,2.1728312969207764,-0.5674720406532288,1.905091643333435
84,P0A6A3_wild,CC(=O)OP(=O)(O)O,2.6623153686523438,-0.701018214225769,2.391059398651123
85,P0A6A3_wild,C1=NC(=C2C(=N1)N(C=N2)[C@H]3[C@@H]([C@@H]([C@H](O3)COP(=O)(O)OP(=O)(O)O)O)O)N,2.246328115463257,-0.6711124181747437,2.0424067974090576
86,P33221_wild,CC(=O)O,0.004814615938812494,0.7897011637687683,-0.45605793595314026
87,P33221_wild,C1=NC(=C2C(=N1)N(C=N2)[C@H]3[C@@H]([C@@H]([C@H](O3)COP(=O)(O)OP(=O)(O)OP(=O)(O)O)O)O)N,0.058864347636699677,-0.7504674792289734,0.628829836845398
88,P33221_wild,CC(=O)OP(=O)(O)O,0.2558678984642029,-0.5575951337814331,0.6734110713005066
89,P33221_wild,C1=NC(=C2C(=N1)N(C=N2)[C@H]3[C@@H]([C@@H]([C@H](O3)COP(=O)(O)OP(=O)(O)O)O)O)N,0.13365969061851501,-0.8588120341300964,0.7608097791671753
90,P00864_wild,C(=O)=O,1.8818553686141968,-0.2824914753437042,1.5066416263580322
91,P00864_wild,O,1.7514660358428955,0.018355676904320717,1.2773942947387695
92,P00864_wild,C=C(C(=O)O)OP(=O)(O)O,1.1211793422698975,-1.0620402097702026,1.2700821161270142
93,P36683_wild,C(C(=O)O)C(CC(=O)O)(C(=O)O)O,0.911657989025116,-0.43487748503685,1.5011634826660156
94,P36683_wild,C(/C(=C/C(=O)O)/C(=O)O)C(=O)O,0.806560218334198,-1.3035324811935425,1.8771759271621704
95,P36683_wild,O,1.9972679615020752,-0.06125838682055473,1.8759593963623047
96,P25516_wild,C(C(=O)O)C(CC(=O)O)(C(=O)O)O,1.7125648260116577,-0.6609413623809814,2.266211986541748
97,P25516_wild,C(/C(=C/C(=O)O)/C(=O)O)C(=O)O,1.4880746603012085,-1.590659737586975,2.660463571548462
98,P25516_wild,O,2.8055472373962402,-0.09925307333469391,2.536100149154663
99,P36683_wild,C(/C(=C/C(=O)O)/C(=O)O)C(=O)O,0.806560218334198,-1.3035324811935425,1.8771759271621704
100,P36683_wild,O,1.9972679615020752,-0.06125838682055473,1.8759593963623047
101,P36683_wild,C(C(C(C(=O)O)O)C(=O)O)C(=O)O,1.354678988456726,-0.7846056818962097,1.763077735900879
102,P25516_wild,C(/C(=C/C(=O)O)/C(=O)O)C(=O)O,1.4880746603012085,-1.590659737586975,2.660463571548462
103,P25516_wild,O,2.8055472373962402,-0.09925307333469391,2.536100149154663
104,P25516_wild,C(C(C(C(=O)O)O)C(=O)O)C(=O)O,2.0566720962524414,-1.0167076587677002,2.4946045875549316
105,P22259_wild,C1=NC(=C2C(=N1)N(C=N2)[C@H]3[C@@H]([C@@H]([C@H](O3)COP(=O)(O)OP(=O)(O)OP(=O)(O)O)O)O)N,1.0595234632492065,-0.7623544931411743,1.76418137550354
106,P22259_wild,C(C(=O)C(=O)O)C(=O)O,1.0766767263412476,-0.9966214895248413,1.8740711212158203
107,P23538_wild,C1=NC(=C2C(=N1)N(C=N2)[C@H]3[C@@H]([C@@H]([C@H](O3)COP(=O)(O)OP(=O)(O)OP(=O)(O)O)O)O)N,0.7157386541366577,-0.8973091840744019,1.2646340131759644
108,P23538_wild,O,1.4315506219863892,0.052593838423490524,1.255889654159546
109,P23538_wild,CC(=O)C(=O)O,0.341155469417572,-0.31785136461257935,0.5697864294052124
110,P69441_wild,C1=NC(=C2C(=N1)N(C=N2)[C@H]3[C@@H]([C@@H]([C@H](O3)COP(=O)(O)O)O)O)N,1.4271644353866577,-0.9181922078132629,1.7213846445083618
111,P69441_wild,C1=NC(=C2C(=N1)N(C=N2)[C@H]3[C@@H]([C@@H]([C@H](O3)COP(=O)(O)OP(=O)(O)OP(=O)(O)O)O)O)N,1.3896268606185913,-0.875759482383728,1.611612319946289
112,P69441_wild,C1=NC(=C2C(=N1)N(C=N2)[C@H]3[C@@H]([C@@H]([C@H](O3)COP(=O)(O)OP(=O)(O)O)O)O)N,1.4557902812957764,-0.8718145489692688,1.714240312576294
113,P0A9M8_wild,CC(=O)SCCNC(=O)CCNC(=O)[C@@H](C(C)(C)COP(=O)(O)OP(=O)(O)OC[C@@H]1[C@H]([C@H]([C@@H](O1)N2C=NC3=C(N=CN=C32)N)O)OP(=O)(O)O)O,1.7034025192260742,-1.2717101573944092,2.2282888889312744
114,P0A9M8_wild,OP(=O)(O)O,1.8623930215835571,0.015601570717990398,1.3157145977020264
115,P0A9M8_wild,CC(=O)OP(=O)(O)O,2.0923407077789307,-0.5455323457717896,1.970646619796753
116,P0A9M8_wild,CC(C)(COP(=O)(O)OP(=O)(O)OC[C@@H]1[C@H]([C@H]([C@@H](O1)N2C=NC3=C(N=CN=C32)N)O)OP(=O)(O)O)[C@H](C(=O)NCCC(=O)NCCS)O,1.5669710636138916,-1.3616689443588257,2.1102263927459717
117,P77218_wild,CC(=O)SCCNC(=O)CCNC(=O)[C@@H](C(C)(C)COP(=O)(O)OP(=O)(O)OC[C@@H]1[C@H]([C@H]([C@@H](O1)N2C=NC3=C(N=CN=C32)N)O)OP(=O)(O)O)O,1.5889158248901367,-1.205330491065979,2.2714715003967285
118,P77218_wild,OP(=O)(O)O,1.9112695455551147,0.3845413327217102,1.4265962839126587
119,P77218_wild,CC(=O)OP(=O)(O)O,2.059831142425537,-0.3455931544303894,2.112300157546997
120,P77218_wild,CC(C)(COP(=O)(O)OP(=O)(O)OC[C@@H]1[C@H]([C@H]([C@@H](O1)N2C=NC3=C(N=CN=C32)N)O)OP(=O)(O)O)[C@H](C(=O)NCCC(=O)NCCS)O,1.4220044612884521,-1.2705333232879639,2.1335811614990234
121,P21599_wild,C1=NC(=C2C(=N1)N(C=N2)[C@H]3[C@@H]([C@@H]([C@H](O3)COP(=O)(O)OP(=O)(O)O)O)O)N,1.1333937644958496,-0.4711241126060486,1.3928301334381104
122,P21599_wild,[H+],1.6008193492889404,0.5719881057739258,0.840794563293457
123,P21599_wild,C=C(C(=O)O)OP(=O)(O)O,1.0118004083633423,-0.650533139705658,1.3523147106170654
124,P0AD61_wild,C1=NC(=C2C(=N1)N(C=N2)[C@H]3[C@@H]([C@@H]([C@H](O3)COP(=O)(O)OP(=O)(O)O)O)O)N,1.5409963130950928,-0.4923999309539795,1.6982622146606445
125,P0AD61_wild,[H+],1.8500515222549438,0.5055147409439087,1.1147334575653076
126,P0AD61_wild,C=C(C(=O)O)OP(=O)(O)O,1.4595086574554443,-0.7183349132537842,1.6781622171401978
127,P0AG07_wild,C([C@H]([C@H](C(=O)CO)O)O)OP(=O)(O)O,0.7259955406188965,-0.14297571778297424,0.7068535685539246
128,P0AG07_wild,C([C@H]([C@@H](C(=O)CO)O)O)OP(=O)(O)O,0.7566969990730286,-0.14981457591056824,0.7283517122268677
129,P39362_wild,C([C@H]([C@H](C(=O)CO)O)O)OP(=O)(O)O,-0.09904622286558151,-0.29635992646217346,0.12945130467414856
130,P39362_wild,C([C@H]([C@@H](C(=O)CO)O)O)OP(=O)(O)O,-0.08904895931482315,-0.2897956669330597,0.14528942108154297
131,P0ABH7_wild,CC(=O)SCCNC(=O)CCNC(=O)[C@@H](C(C)(C)COP(=O)(O)OP(=O)(O)OC[C@@H]1[C@H]([C@H]([C@@H](O1)N2C=NC3=C(N=CN=C32)N)O)OP(=O)(O)O)O,1.508703589439392,-1.676614761352539,2.3346619606018066
132,P0ABH7_wild,O,2.1553282737731934,-0.32720327377319336,2.22861909866333
133,P0ABH7_wild,C(C(=O)C(=O)O)C(=O)O,1.663036584854126,-1.6724220514297485,2.5407285690307617
134,P0ABH7_wild,CC(=O)SCCNC(=O)CCNC(=O)[C@@H](C(C)(C)COP(=O)(O)OP(=O)(O)OC[C@@H]1[C@H]([C@H]([C@@H](O1)N2C=NC3=C(N=CN=C32)N)O)OP(=O)(O)O)O,1.508703589439392,-1.676614761352539,2.3346619606018066
135,P0ABH7_wild,O,2.1553282737731934,-0.32720327377319336,2.22861909866333
136,P0ABH7_wild,C(C(=O)C(=O)O)C(=O)O,1.663036584854126,-1.6724220514297485,2.5407285690307617
137,P0ABH7_wild,CC(=O)SCCNC(=O)CCNC(=O)[C@@H](C(C)(C)COP(=O)(O)OP(=O)(O)OC[C@@H]1[C@H]([C@H]([C@@H](O1)N2C=NC3=C(N=CN=C32)N)O)OP(=O)(O)O)O,1.508703589439392,-1.676614761352539,2.3346619606018066
138,P0ABH7_wild,O,2.1553282737731934,-0.32720327377319336,2.22861909866333
139,P0ABH7_wild,C(C(=O)C(=O)O)C(=O)O,1.663036584854126,-1.6724220514297485,2.5407285690307617
140,P0A7Z0_wild,C([C@@H]1[C@H]([C@H]([C@H](O1)O)O)O)OP(=O)(O)O,1.0134400129318237,-0.27733147144317627,0.9732627868652344
141,P0A7Z0_wild,C([C@H]([C@H](C(=O)CO)O)O)OP(=O)(O)O,0.9246411323547363,-0.06671908497810364,0.7902933955192566
142,P37351_wild,C([C@@H]1[C@H]([C@H]([C@H](O1)O)O)O)OP(=O)(O)O,1.2463467121124268,-0.23809750378131866,1.0400760173797607
143,P37351_wild,C([C@H]([C@H](C(=O)CO)O)O)OP(=O)(O)O,1.2589919567108154,-0.04379454627633095,0.8565972447395325
144,P0A6P9_wild,C([C@H](C(=O)O)OP(=O)(O)O)O,0.8753424882888794,-0.5938972234725952,1.4473917484283447
145,P0A6P9_wild,O,1.9388160705566406,-0.2618705630302429,1.9460036754608154
146,P0A6P9_wild,C=C(C(=O)O)OP(=O)(O)O,1.083158016204834,-0.861965000629425,1.97150456905365
147,P0A867_wild,C(C(C=O)O)OP(=O)(O)O,0.8137607574462891,-0.33008280396461487,1.1836069822311401
148,P0A867_wild,C([C@H]([C@H]([C@H]([C@@H](C(=O)CO)O)O)O)O)OP(=O)(O)O,0.522221565246582,-0.26240602135658264,0.7886579632759094
149,P0A867_wild,C([C@H]([C@H](C=O)O)O)OP(=O)(O)O,0.833543598651886,-0.36900973320007324,0.9374386668205261
150,P0A867_wild,C([C@@H]1[C@H]([C@@H]([C@](O1)(CO)O)O)O)OP(=O)(O)O,0.6532711386680603,-0.3008880019187927,0.7458523511886597
151,P0A870_wild,C(C(C=O)O)OP(=O)(O)O,0.7757307291030884,-0.2913907766342163,1.1203277111053467
152,P0A870_wild,C([C@H]([C@H]([C@H]([C@@H](C(=O)CO)O)O)O)O)OP(=O)(O)O,0.5498909950256348,-0.16758880019187927,0.7257404923439026
153,P0A870_wild,C([C@H]([C@H](C=O)O)O)OP(=O)(O)O,0.8266196250915527,-0.2532646656036377,0.8880160450935364
154,P0A870_wild,C([C@@H]1[C@H]([C@@H]([C@](O1)(CO)O)O)O)OP(=O)(O)O,0.6556182503700256,-0.20682168006896973,0.6856909990310669
155,P27302_wild,C([C@@H]1[C@H]([C@H]([C@H](O1)O)O)O)OP(=O)(O)O,1.7086435556411743,-0.7502819299697876,2.010143280029297
156,P27302_wild,C([C@H]([C@@H](C(=O)CO)O)O)OP(=O)(O)O,1.6788997650146484,-0.48002591729164124,1.86786687374115
157,P27302_wild,C(C(C=O)O)OP(=O)(O)O,1.571317195892334,-0.4956762194633484,2.09135103225708
158,P27302_wild,C([C@H]([C@H]([C@H]([C@@H](C(=O)CO)O)O)O)O)OP(=O)(O)O,1.3254244327545166,-0.42571648955345154,1.5916670560836792
159,P33570_wild,C([C@@H]1[C@H]([C@H]([C@H](O1)O)O)O)OP(=O)(O)O,1.596779465675354,-0.727955162525177,1.8933355808258057
160,P33570_wild,C([C@H]([C@@H](C(=O)CO)O)O)OP(=O)(O)O,1.549567461013794,-0.4296649098396301,1.740746259689331
161,P33570_wild,C(C(C=O)O)OP(=O)(O)O,1.4872568845748901,-0.42257338762283325,1.9737083911895752
162,P33570_wild,C([C@H]([C@H]([C@H]([C@@H](C(=O)CO)O)O)O)O)OP(=O)(O)O,1.1926203966140747,-0.3893323540687561,1.4590966701507568
163,P27302_wild,C([C@H]([C@H](C=O)O)O)OP(=O)(O)O,1.6135889291763306,-0.5551515817642212,1.8462116718292236
164,P27302_wild,C([C@H]([C@@H](C(=O)CO)O)O)OP(=O)(O)O,1.6788997650146484,-0.48002591729164124,1.86786687374115
165,P27302_wild,C([C@@H]1[C@H]([C@@H]([C@](O1)(CO)O)O)O)OP(=O)(O)O,1.453670859336853,-0.5079118013381958,1.6067733764648438
166,P27302_wild,C(C(C=O)O)OP(=O)(O)O,1.571317195892334,-0.4956762194633484,2.09135103225708
167,P33570_wild,C([C@H]([C@H](C=O)O)O)OP(=O)(O)O,1.509505271911621,-0.5148974657058716,1.716753363609314
168,P33570_wild,C([C@H]([C@@H](C(=O)CO)O)O)OP(=O)(O)O,1.549567461013794,-0.4296649098396301,1.740746259689331
169,P33570_wild,C([C@@H]1[C@H]([C@@H]([C@](O1)(CO)O)O)O)OP(=O)(O)O,1.3385881185531616,-0.48556676506996155,1.4949092864990234
170,P33570_wild,C(C(C=O)O)OP(=O)(O)O,1.4872568845748901,-0.42257338762283325,1.9737083911895752
171,P0A858_wild,C(C(=O)COP(=O)(O)O)O,2.15344500541687,0.10566791146993637,1.8403675556182861
172,P0A858_wild,C(C(C=O)O)OP(=O)(O)O,2.859353542327881,-0.13278596103191376,2.398193597793579
173,P0A991_wild,C([C@@H]1[C@H]([C@@H](C(O1)(COP(=O)(O)O)O)O)O)OP(=O)(O)O,0.4361798167228699,-1.2571529150009155,1.1520651578903198
174,P0A991_wild,C(C(=O)COP(=O)(O)O)O,-0.046530164778232574,-0.9707032442092896,0.8220701217651367
175,P0A991_wild,C(C(C=O)O)OP(=O)(O)O,0.33504801988601685,-1.0122805833816528,1.2261760234832764
176,P77704_wild,C([C@@H]1[C@H]([C@@H](C(O1)(COP(=O)(O)O)O)O)O)OP(=O)(O)O,1.022081732749939,-0.5563298463821411,1.427719235420227
177,P77704_wild,C(C(=O)COP(=O)(O)O)O,0.5833355188369751,-0.10853852331638336,0.9313470721244812
178,P77704_wild,C(C(C=O)O)OP(=O)(O)O,1.0429661273956299,-0.20219901204109192,1.384166955947876
179,P0AB71_wild,C([C@@H]1[C@H]([C@@H](C(O1)(COP(=O)(O)O)O)O)O)OP(=O)(O)O,0.363131582736969,-0.8969323039054871,1.021950364112854
180,P0AB71_wild,C(C(=O)COP(=O)(O)O)O,-0.03581444174051285,-0.44845372438430786,0.6451209187507629
181,P0AB71_wild,C(C(C=O)O)OP(=O)(O)O,0.43517041206359863,-0.5223735570907593,1.100193738937378
182,P0A9C9_wild,C([C@@H]1[C@H]([C@@H](C(O1)(COP(=O)(O)O)O)O)O)OP(=O)(O)O,1.0838570594787598,-0.7148378491401672,1.3617976903915405
183,P0A9C9_wild,O,1.936269760131836,0.2628050446510315,1.6456592082977295
184,P0A993_wild,C([C@@H]1[C@H]([C@@H](C(O1)(COP(=O)(O)O)O)O)O)OP(=O)(O)O,0.9665396809577942,-1.1044273376464844,1.4105639457702637
185,P0A993_wild,O,1.567772626876831,-0.017361152917146683,1.5821813344955444
186,P0AC33_wild,C(=C/C(=O)O)\C(=O)O,0.7441544532775879,-0.4532864987850189,1.419182538986206
187,P0AC33_wild,O,1.737524390220642,0.043519508093595505,1.6500365734100342
188,P0AC33_wild,C([C@@H](C(=O)O)O)C(=O)O,0.6683236360549927,-0.36709263920783997,1.067672848701477
189,P14407_wild,C(=C/C(=O)O)\C(=O)O,0.758132815361023,-0.43289798498153687,1.4181207418441772
190,P14407_wild,O,1.7373237609863281,0.058077048510313034,1.644635558128357
191,P14407_wild,C([C@@H](C(=O)O)O)C(=O)O,0.6807653903961182,-0.3420548737049103,1.068225622177124
192,P05042_wild,C(=C/C(=O)O)\C(=O)O,0.7582708597183228,-0.2870657742023468,1.5491857528686523
193,P05042_wild,O,1.8993089199066162,0.24450170993804932,1.9281994104385376
194,P05042_wild,C([C@@H](C(=O)O)O)C(=O)O,0.7184609174728394,-0.11602973937988281,1.072091817855835
195,P0AC53_wild,C([C@@H]1[C@H]([C@@H]([C@H](C(O1)O)O)O)O)OP(=O)(O)O,2.5199713706970215,-0.7504655122756958,2.20772385597229
196,P0AC53_wild,C1=CC(=C[N+](=C1)[C@H]2[C@@H]([C@@H]([C@H](O2)COP(=O)(O)OP(=O)(O)OC[C@@H]3[C@H]([C@H]([C@@H](O3)N4C=NC5=C(N=CN=C54)N)OP(=O)(O)O)O)O)O)C(=O)N,2.6413326263427734,-1.287767767906189,2.678421974182129
197,P0AC53_wild,C([C@@H]1[C@H]([C@@H]([C@H](C(=O)O1)O)O)O)OP(=O)(O)O,2.6435914039611816,-0.7395642399787903,2.3274986743927
198,P0AC53_wild,[H+],2.8308510780334473,0.16859136521816254,2.158510684967041
199,P0AC53_wild,C1C=CN(C=C1C(=O)N)[C@H]2[C@@H]([C@@H]([C@H](O2)COP(=O)(O)OP(=O)(O)OC[C@@H]3[C@H]([C@H]([C@@H](O3)N4C=NC5=C(N=CN=C54)N)OP(=O)(O)O)O)O)O,2.5107204914093018,-1.723404884338379,3.0047099590301514
200,P0AC53_wild,C([C@@H]1[C@H]([C@@H]([C@H](C(O1)O)O)O)O)OP(=O)(O)O,2.5199713706970215,-0.7504655122756958,2.20772385597229
201,P0AC53_wild,C1=CC(=C[N+](=C1)[C@H]2[C@@H]([C@@H]([C@H](O2)COP(=O)(O)OP(=O)(O)OC[C@@H]3[C@H]([C@H]([C@@H](O3)N4C=NC5=C(N=CN=C54)N)OP(=O)(O)O)O)O)O)C(=O)N,2.6413326263427734,-1.287767767906189,2.678421974182129
202,P0AC53_wild,C([C@@H]1[C@H]([C@@H]([C@H](C(=O)O1)O)O)O)OP(=O)(O)O,2.6435914039611816,-0.7395642399787903,2.3274986743927
203,P0AC53_wild,[H+],2.8308510780334473,0.16859136521816254,2.158510684967041
204,P0AC53_wild,C1C=CN(C=C1C(=O)N)[C@H]2[C@@H]([C@@H]([C@H](O2)COP(=O)(O)OP(=O)(O)OC[C@@H]3[C@H]([C@H]([C@@H](O3)N4C=NC5=C(N=CN=C54)N)OP(=O)(O)O)O)O)O,2.5107204914093018,-1.723404884338379,3.0047099590301514
205,P0A9B2_wild,C(C(C=O)O)OP(=O)(O)O,0.8544731140136719,-0.477590948343277,1.5189130306243896
206,P0A9B2_wild,C1=CC(=C[N+](=C1)[C@H]2[C@@H]([C@@H]([C@H](O2)COP(=O)(O)OP(=O)(O)OC[C@@H]3[C@H]([C@H]([C@@H](O3)N4C=NC5=C(N=CN=C54)N)O)O)O)O)C(=O)N,1.3637109994888306,-0.6429440379142761,1.9887409210205078
207,P0A9B2_wild,OP(=O)(O)O,1.3204691410064697,-0.03598928451538086,1.4471142292022705
208,P0A9B2_wild,C([C@H](C(=O)OP(=O)(O)O)O)OP(=O)(O)O,0.5927515625953674,-0.9550542831420898,1.5264688730239868
209,P0A9B2_wild,[H+],1.8730888366699219,0.10505533218383789,1.7821658849716187
210,P0A9B2_wild,C1C=CN(C=C1C(=O)N)[C@H]2[C@@H]([C@@H]([C@H](O2)COP(=O)(O)OP(=O)(O)OC[C@@H]3[C@H]([C@H]([C@@H](O3)N4C=NC5=C(N=CN=C54)N)O)O)O)O,1.2970807552337646,-1.1523487567901611,2.3580875396728516
211,P0A9B2_wild,C(C(C=O)O)OP(=O)(O)O,0.8544731140136719,-0.477590948343277,1.5189130306243896
212,P0A9B2_wild,C1=CC(=C[N+](=C1)[C@H]2[C@@H]([C@@H]([C@H](O2)COP(=O)(O)OP(=O)(O)OC[C@@H]3[C@H]([C@H]([C@@H](O3)N4C=NC5=C(N=CN=C54)N)O)O)O)O)C(=O)N,1.3637109994888306,-0.6429440379142761,1.9887409210205078
213,P0A9B2_wild,OP(=O)(O)O,1.3204691410064697,-0.03598928451538086,1.4471142292022705
214,P0A9B2_wild,C([C@H](C(=O)OP(=O)(O)O)O)OP(=O)(O)O,0.5927515625953674,-0.9550542831420898,1.5264688730239868
215,P0A9B2_wild,[H+],1.8730888366699219,0.10505533218383789,1.7821658849716187
216,P0A9B2_wild,C1C=CN(C=C1C(=O)N)[C@H]2[C@@H]([C@@H]([C@H](O2)COP(=O)(O)OP(=O)(O)OC[C@@H]3[C@H]([C@H]([C@@H](O3)N4C=NC5=C(N=CN=C54)N)O)O)O)O,1.2970807552337646,-1.1523487567901611,2.3580875396728516
217,P0A9C5_wild,C1=NC(=C2C(=N1)N(C=N2)[C@H]3[C@@H]([C@@H]([C@H](O3)COP(=O)(O)OP(=O)(O)OP(=O)(O)O)O)O)N,1.3455026149749756,-0.9317498207092285,2.088627338409424
218,P0A9C5_wild,C(CC(=O)O)[C@@H](C(=O)O)N,1.1681896448135376,-0.20307371020317078,1.5958638191223145
219,P0A9C5_wild,N,1.735950231552124,0.3402073085308075,1.5462651252746582
220,P78061_wild,C1=NC(=C2C(=N1)N(C=N2)[C@H]3[C@@H]([C@@H]([C@H](O3)COP(=O)(O)OP(=O)(O)OP(=O)(O)O)O)O)N,1.1105027198791504,-0.8303288221359253,1.4307674169540405
221,P78061_wild,C(CC(=O)O)[C@@H](C(=O)O)N,1.173307180404663,0.19281083345413208,1.0326629877090454
222,P78061_wild,N,1.2245453596115112,0.9997346997261047,0.8280379176139832
223,P00370_wild,C(CC(=O)O)[C@@H](C(=O)O)N,1.4095110893249512,0.2382783144712448,1.2494819164276123
224,P00370_wild,O,2.4000935554504395,0.059746772050857544,1.9940147399902344
225,P00370_wild,C1=CC(=C[N+](=C1)[C@H]2[C@@H]([C@@H]([C@H](O2)COP(=O)(O)OP(=O)(O)OC[C@@H]3[C@H]([C@H]([C@@H](O3)N4C=NC5=C(N=CN=C54)N)OP(=O)(O)O)O)O)O)C(=O)N,1.6728483438491821,-0.8029145002365112,1.9781885147094727
226,P00370_wild,C(CC(=O)O)C(=O)C(=O)O,1.7489776611328125,-0.10818688571453094,1.73528254032135
227,P00370_wild,[H+],2.1700501441955566,0.21246877312660217,1.6321344375610352
228,P00370_wild,C1C=CN(C=C1C(=O)N)[C@H]2[C@@H]([C@@H]([C@H](O2)COP(=O)(O)OP(=O)(O)OC[C@@H]3[C@H]([C@H]([C@@H](O3)N4C=NC5=C(N=CN=C54)N)OP(=O)(O)O)O)O)O,1.7238622903823853,-1.259077548980713,2.471235752105713
229,P00370_wild,N,2.2466073036193848,1.206345796585083,1.3629339933395386
230,P00370_wild,C(CC(=O)O)[C@@H](C(=O)O)N,1.4095110893249512,0.2382783144712448,1.2494819164276123
231,P00370_wild,O,2.4000935554504395,0.059746772050857544,1.9940147399902344
232,P00370_wild,C1=CC(=C[N+](=C1)[C@H]2[C@@H]([C@@H]([C@H](O2)COP(=O)(O)OP(=O)(O)OC[C@@H]3[C@H]([C@H]([C@@H](O3)N4C=NC5=C(N=CN=C54)N)OP(=O)(O)O)O)O)O)C(=O)N,1.6728483438491821,-0.8029145002365112,1.9781885147094727
233,P00370_wild,C(CC(=O)O)C(=O)C(=O)O,1.7489776611328125,-0.10818688571453094,1.73528254032135
234,P00370_wild,[H+],2.1700501441955566,0.21246877312660217,1.6321344375610352
235,P00370_wild,C1C=CN(C=C1C(=O)N)[C@H]2[C@@H]([C@@H]([C@H](O2)COP(=O)(O)OP(=O)(O)OC[C@@H]3[C@H]([C@H]([C@@H](O3)N4C=NC5=C(N=CN=C54)N)OP(=O)(O)O)O)O)O,1.7238622903823853,-1.259077548980713,2.471235752105713
236,P00370_wild,N,2.2466073036193848,1.206345796585083,1.3629339933395386
237,P00370_wild,C(CC(=O)O)[C@@H](C(=O)O)N,1.4095110893249512,0.2382783144712448,1.2494819164276123
238,P00370_wild,O,2.4000935554504395,0.059746772050857544,1.9940147399902344
239,P00370_wild,C1=CC(=C[N+](=C1)[C@H]2[C@@H]([C@@H]([C@H](O2)COP(=O)(O)OP(=O)(O)OC[C@@H]3[C@H]([C@H]([C@@H](O3)N4C=NC5=C(N=CN=C54)N)OP(=O)(O)O)O)O)O)C(=O)N,1.6728483438491821,-0.8029145002365112,1.9781885147094727
240,P00370_wild,C(CC(=O)O)C(=O)C(=O)O,1.7489776611328125,-0.10818688571453094,1.73528254032135
241,P00370_wild,[H+],2.1700501441955566,0.21246877312660217,1.6321344375610352
242,P00370_wild,C1C=CN(C=C1C(=O)N)[C@H]2[C@@H]([C@@H]([C@H](O2)COP(=O)(O)OP(=O)(O)OC[C@@H]3[C@H]([C@H]([C@@H](O3)N4C=NC5=C(N=CN=C54)N)OP(=O)(O)O)O)O)O,1.7238622903823853,-1.259077548980713,2.471235752105713
243,P00370_wild,N,2.2466073036193848,1.206345796585083,1.3629339933395386
244,P05041_wild,C(CC(=O)N)[C@@H](C(=O)O)N,-0.2471851408481598,-0.09029794484376907,0.08757485449314117
245,P05041_wild,O,0.3143691420555115,0.1987484246492386,0.3805761933326721
246,P77454_wild,C(CC(=O)N)[C@@H](C(=O)O)N,1.445248007774353,0.37291496992111206,0.9789124727249146
247,P77454_wild,O,1.8214763402938843,0.13416293263435364,1.5290895700454712
248,P0A6W0_wild,C(CC(=O)N)[C@@H](C(=O)O)N,1.7030702829360962,0.47282058000564575,1.1214544773101807
249,P0A6W0_wild,O,2.0104241371154785,0.25958752632141113,1.6195869445800781
250,P05041_wild,C(CC(=O)N)[C@@H](C(=O)O)N,-0.2471851408481598,-0.09029794484376907,0.08757485449314117
251,P05041_wild,O,0.3143691420555115,0.1987484246492386,0.3805761933326721
252,P77454_wild,C(CC(=O)N)[C@@H](C(=O)O)N,1.445248007774353,0.37291496992111206,0.9789124727249146
253,P77454_wild,O,1.8214763402938843,0.13416293263435364,1.5290895700454712
254,P0A6W0_wild,C(CC(=O)N)[C@@H](C(=O)O)N,1.7030702829360962,0.47282058000564575,1.1214544773101807
255,P0A6W0_wild,O,2.0104241371154785,0.25958752632141113,1.6195869445800781
256,P05041_wild,C(CC(=O)N)[C@@H](C(=O)O)N,-0.2471851408481598,-0.09029794484376907,0.08757485449314117
257,P05041_wild,O,0.3143691420555115,0.1987484246492386,0.3805761933326721
258,P77454_wild,C(CC(=O)N)[C@@H](C(=O)O)N,1.445248007774353,0.37291496992111206,0.9789124727249146
259,P77454_wild,O,1.8214763402938843,0.13416293263435364,1.5290895700454712
260,P0A6W0_wild,C(CC(=O)N)[C@@H](C(=O)O)N,1.7030702829360962,0.47282058000564575,1.1214544773101807
261,P0A6W0_wild,O,2.0104241371154785,0.25958752632141113,1.6195869445800781
262,P05041_wild,C(CC(=O)N)[C@@H](C(=O)O)N,-0.2471851408481598,-0.09029794484376907,0.08757485449314117
263,P05041_wild,O,0.3143691420555115,0.1987484246492386,0.3805761933326721
264,P77454_wild,C(CC(=O)N)[C@@H](C(=O)O)N,1.445248007774353,0.37291496992111206,0.9789124727249146
265,P77454_wild,O,1.8214763402938843,0.13416293263435364,1.5290895700454712
266,P0A6W0_wild,C(CC(=O)N)[C@@H](C(=O)O)N,1.7030702829360962,0.47282058000564575,1.1214544773101807
267,P0A6W0_wild,O,2.0104241371154785,0.25958752632141113,1.6195869445800781
268,P05041_wild,C(CC(=O)N)[C@@H](C(=O)O)N,-0.2471851408481598,-0.09029794484376907,0.08757485449314117
269,P05041_wild,O,0.3143691420555115,0.1987484246492386,0.3805761933326721
270,P77454_wild,C(CC(=O)N)[C@@H](C(=O)O)N,1.445248007774353,0.37291496992111206,0.9789124727249146
271,P77454_wild,O,1.8214763402938843,0.13416293263435364,1.5290895700454712
272,P0A6W0_wild,C(CC(=O)N)[C@@H](C(=O)O)N,1.7030702829360962,0.47282058000564575,1.1214544773101807
273,P0A6W0_wild,O,2.0104241371154785,0.25958752632141113,1.6195869445800781
274,P05041_wild,C(CC(=O)N)[C@@H](C(=O)O)N,-0.2471851408481598,-0.09029794484376907,0.08757485449314117
275,P05041_wild,O,0.3143691420555115,0.1987484246492386,0.3805761933326721
276,P77454_wild,C(CC(=O)N)[C@@H](C(=O)O)N,1.445248007774353,0.37291496992111206,0.9789124727249146
277,P77454_wild,O,1.8214763402938843,0.13416293263435364,1.5290895700454712
278,P0A6W0_wild,C(CC(=O)N)[C@@H](C(=O)O)N,1.7030702829360962,0.47282058000564575,1.1214544773101807
279,P0A6W0_wild,O,2.0104241371154785,0.25958752632141113,1.6195869445800781
280,P05041_wild,C(CC(=O)N)[C@@H](C(=O)O)N,-0.2471851408481598,-0.09029794484376907,0.08757485449314117
281,P05041_wild,O,0.3143691420555115,0.1987484246492386,0.3805761933326721
282,P77454_wild,C(CC(=O)N)[C@@H](C(=O)O)N,1.445248007774353,0.37291496992111206,0.9789124727249146
283,P77454_wild,O,1.8214763402938843,0.13416293263435364,1.5290895700454712
284,P0A6W0_wild,C(CC(=O)N)[C@@H](C(=O)O)N,1.7030702829360962,0.47282058000564575,1.1214544773101807
285,P0A6W0_wild,O,2.0104241371154785,0.25958752632141113,1.6195869445800781
286,P05041_wild,C(CC(=O)N)[C@@H](C(=O)O)N,-0.2471851408481598,-0.09029794484376907,0.08757485449314117
287,P05041_wild,O,0.3143691420555115,0.1987484246492386,0.3805761933326721
288,P77454_wild,C(CC(=O)N)[C@@H](C(=O)O)N,1.445248007774353,0.37291496992111206,0.9789124727249146
289,P77454_wild,O,1.8214763402938843,0.13416293263435364,1.5290895700454712
290,P0A6W0_wild,C(CC(=O)N)[C@@H](C(=O)O)N,1.7030702829360962,0.47282058000564575,1.1214544773101807
291,P0A6W0_wild,O,2.0104241371154785,0.25958752632141113,1.6195869445800781
292,P05041_wild,C(CC(=O)N)[C@@H](C(=O)O)N,-0.2471851408481598,-0.09029794484376907,0.08757485449314117
293,P05041_wild,O,0.3143691420555115,0.1987484246492386,0.3805761933326721
294,P77454_wild,C(CC(=O)N)[C@@H](C(=O)O)N,1.445248007774353,0.37291496992111206,0.9789124727249146
295,P77454_wild,O,1.8214763402938843,0.13416293263435364,1.5290895700454712
296,P0A6W0_wild,C(CC(=O)N)[C@@H](C(=O)O)N,1.7030702829360962,0.47282058000564575,1.1214544773101807
297,P0A6W0_wild,O,2.0104241371154785,0.25958752632141113,1.6195869445800781
298,P00350_wild,C([C@H]([C@H]([C@@H]([C@H](C(=O)O)O)O)O)O)OP(=O)(O)O,1.1953089237213135,-0.7060827612876892,1.382192850112915
299,P00350_wild,C1=CC(=C[N+](=C1)[C@H]2[C@@H]([C@@H]([C@H](O2)COP(=O)(O)OP(=O)(O)OC[C@@H]3[C@H]([C@H]([C@@H](O3)N4C=NC5=C(N=CN=C54)N)OP(=O)(O)O)O)O)O)C(=O)N,1.5662494897842407,-1.119343638420105,1.9704046249389648
300,P00350_wild,C([C@H]([C@H]([C@@H]([C@H](C(=O)O)O)O)O)O)OP(=O)(O)O,1.1953089237213135,-0.7060827612876892,1.382192850112915
301,P00350_wild,C1=CC(=C[N+](=C1)[C@H]2[C@@H]([C@@H]([C@H](O2)COP(=O)(O)OP(=O)(O)OC[C@@H]3[C@H]([C@H]([C@@H](O3)N4C=NC5=C(N=CN=C54)N)OP(=O)(O)O)O)O)O)C(=O)N,1.5662494897842407,-1.119343638420105,1.9704046249389648
302,P08200_wild,C(C(C(C(=O)O)O)C(=O)O)C(=O)O,0.32597649097442627,-0.8830119371414185,1.1560550928115845
303,P08200_wild,C1=CC(=C[N+](=C1)[C@H]2[C@@H]([C@@H]([C@H](O2)COP(=O)(O)OP(=O)(O)OC[C@@H]3[C@H]([C@H]([C@@H](O3)N4C=NC5=C(N=CN=C54)N)OP(=O)(O)O)O)O)O)C(=O)N,0.7314320206642151,-0.7685509920120239,1.3088020086288452
304,P08200_wild,C(CC(=O)O)C(=O)C(=O)O,0.12200069427490234,-0.27299144864082336,0.7473002672195435
305,P08200_wild,C(=O)=O,1.3186838626861572,0.16070444881916046,1.2322988510131836
306,P08200_wild,C1C=CN(C=C1C(=O)N)[C@H]2[C@@H]([C@@H]([C@H](O2)COP(=O)(O)OP(=O)(O)OC[C@@H]3[C@H]([C@H]([C@@H](O3)N4C=NC5=C(N=CN=C54)N)OP(=O)(O)O)O)O)O,0.6409884095191956,-1.2996516227722168,1.6910070180892944
307,P0A9G6_wild,C(C(C(C(=O)O)O)C(=O)O)C(=O)O,0.31198614835739136,-0.5665701627731323,1.0599628686904907
308,P06149_wild,C[C@H](C(=O)O)O,0.7899957299232483,0.1022135391831398,0.6867585182189941
309,P06149_wild,C1=CC(=C[N+](=C1)[C@H]2[C@@H]([C@@H]([C@H](O2)COP(=O)(O)OP(=O)(O)OC[C@@H]3[C@H]([C@H]([C@@H](O3)N4C=NC5=C(N=CN=C54)N)O)O)O)O)C(=O)N,1.0186121463775635,-1.1305936574935913,1.6674121618270874
310,P06149_wild,[H+],1.5747733116149902,-0.09211936593055725,1.4102507829666138
311,P06149_wild,C1C=CN(C=C1C(=O)N)[C@H]2[C@@H]([C@@H]([C@H](O2)COP(=O)(O)OP(=O)(O)OC[C@@H]3[C@H]([C@H]([C@@H](O3)N4C=NC5=C(N=CN=C54)N)O)O)O)O,0.9914952516555786,-1.4988298416137695,1.982195496559143
312,P06149_wild,CC(=O)C(=O)O,0.4279652535915375,-0.3372381329536438,0.7197731137275696
313,P52643_wild,C[C@H](C(=O)O)O,1.1705658435821533,1.1158733367919922,0.33790093660354614
314,P52643_wild,C1=CC(=C[N+](=C1)[C@H]2[C@@H]([C@@H]([C@H](O2)COP(=O)(O)OP(=O)(O)OC[C@@H]3[C@H]([C@H]([C@@H](O3)N4C=NC5=C(N=CN=C54)N)O)O)O)O)C(=O)N,1.4145960807800293,-0.15287718176841736,1.3930070400238037
315,P52643_wild,[H+],1.8131992816925049,0.5980764627456665,0.9512858390808105
316,P52643_wild,C1C=CN(C=C1C(=O)N)[C@H]2[C@@H]([C@@H]([C@H](O2)COP(=O)(O)OP(=O)(O)OC[C@@H]3[C@H]([C@H]([C@@H](O3)N4C=NC5=C(N=CN=C54)N)O)O)O)O,1.5030968189239502,-0.6805468201637268,1.890683889389038
317,P52643_wild,CC(=O)C(=O)O,1.1840407848358154,0.6680396199226379,0.6317044496536255
318,P08997_wild,CC(=O)SCCNC(=O)CCNC(=O)[C@@H](C(C)(C)COP(=O)(O)OP(=O)(O)OC[C@@H]1[C@H]([C@H]([C@@H](O1)N2C=NC3=C(N=CN=C32)N)O)OP(=O)(O)O)O,1.2497730255126953,-1.8571010828018188,2.1338822841644287
319,P08997_wild,C(=O)C(=O)O,1.3905537128448486,-0.6910646557807922,1.383379578590393
320,P08997_wild,O,1.9418121576309204,-0.13986079394817352,1.760725975036621
321,P37330_wild,CC(=O)SCCNC(=O)CCNC(=O)[C@@H](C(C)(C)COP(=O)(O)OP(=O)(O)OC[C@@H]1[C@H]([C@H]([C@@H](O1)N2C=NC3=C(N=CN=C32)N)O)OP(=O)(O)O)O,1.3376529216766357,-1.8336000442504883,2.1899168491363525
322,P37330_wild,C(=O)C(=O)O,1.383710265159607,-0.5750983953475952,1.3514600992202759
323,P37330_wild,O,2.116690158843994,-0.10325129330158234,1.8202699422836304
324,P61889_wild,C([C@@H](C(=O)O)O)C(=O)O,2.018807888031006,-0.08729724586009979,1.8276039361953735
325,P61889_wild,C1=CC(=C[N+](=C1)[C@H]2[C@@H]([C@@H]([C@H](O2)COP(=O)(O)OP(=O)(O)OC[C@@H]3[C@H]([C@H]([C@@H](O3)N4C=NC5=C(N=CN=C54)N)O)O)O)O)C(=O)N,2.2870283126831055,-0.613368034362793,2.538867712020874
326,P61889_wild,[H+],2.682321310043335,0.05376365780830383,2.2308380603790283
327,P61889_wild,C1C=CN(C=C1C(=O)N)[C@H]2[C@@H]([C@@H]([C@H](O2)COP(=O)(O)OP(=O)(O)OC[C@@H]3[C@H]([C@H]([C@@H](O3)N4C=NC5=C(N=CN=C54)N)O)O)O)O,2.3298537731170654,-1.1059720516204834,3.033470630645752
328,P61889_wild,C(C(=O)C(=O)O)C(=O)O,2.3125226497650146,-0.6845537424087524,2.5806808471679688
329,P61889_wild,C([C@@H](C(=O)O)O)C(=O)O,2.018807888031006,-0.08729724586009979,1.8276039361953735
330,P61889_wild,C1=CC(=C[N+](=C1)[C@H]2[C@@H]([C@@H]([C@H](O2)COP(=O)(O)OP(=O)(O)OC[C@@H]3[C@H]([C@H]([C@@H](O3)N4C=NC5=C(N=CN=C54)N)O)O)O)O)C(=O)N,2.2870283126831055,-0.613368034362793,2.538867712020874
331,P61889_wild,[H+],2.682321310043335,0.05376365780830383,2.2308380603790283
332,P61889_wild,C1C=CN(C=C1C(=O)N)[C@H]2[C@@H]([C@@H]([C@H](O2)COP(=O)(O)OP(=O)(O)OC[C@@H]3[C@H]([C@H]([C@@H](O3)N4C=NC5=C(N=CN=C54)N)O)O)O)O,2.3298537731170654,-1.1059720516204834,3.033470630645752
333,P61889_wild,C(C(=O)C(=O)O)C(=O)O,2.3125226497650146,-0.6845537424087524,2.5806808471679688
334,P26616_wild,C([C@@H](C(=O)O)O)C(=O)O,1.582202434539795,-0.07416023313999176,1.2965853214263916
335,P26616_wild,C1=CC(=C[N+](=C1)[C@H]2[C@@H]([C@@H]([C@H](O2)COP(=O)(O)OP(=O)(O)OC[C@@H]3[C@H]([C@H]([C@@H](O3)N4C=NC5=C(N=CN=C54)N)O)O)O)O)C(=O)N,2.067707061767578,-0.7706064581871033,2.064138174057007
336,P26616_wild,C([C@@H](C(=O)O)O)C(=O)O,1.582202434539795,-0.07416023313999176,1.2965853214263916
337,P26616_wild,C1=CC(=C[N+](=C1)[C@H]2[C@@H]([C@@H]([C@H](O2)COP(=O)(O)OP(=O)(O)OC[C@@H]3[C@H]([C@H]([C@@H](O3)N4C=NC5=C(N=CN=C54)N)O)O)O)O)C(=O)N,2.067707061767578,-0.7706064581871033,2.064138174057007
338,P76558_wild,C([C@@H](C(=O)O)O)C(=O)O,1.2039498090744019,0.2777528166770935,1.018829584121704
339,P76558_wild,C1=CC(=C[N+](=C1)[C@H]2[C@@H]([C@@H]([C@H](O2)COP(=O)(O)OP(=O)(O)OC[C@@H]3[C@H]([C@H]([C@@H](O3)N4C=NC5=C(N=CN=C54)N)OP(=O)(O)O)O)O)O)C(=O)N,1.7208694219589233,-0.6710163950920105,2.020207643508911
340,P27306_wild,C1=CC(=C[N+](=C1)[C@H]2[C@@H]([C@@H]([C@H](O2)COP(=O)(O)OP(=O)(O)OC[C@@H]3[C@H]([C@H]([C@@H](O3)N4C=NC5=C(N=CN=C54)N)O)O)O)O)C(=O)N,1.174004316329956,-0.5428882837295532,1.554307222366333
341,P27306_wild,C1C=CN(C=C1C(=O)N)[C@H]2[C@@H]([C@@H]([C@H](O2)COP(=O)(O)OP(=O)(O)OC[C@@H]3[C@H]([C@H]([C@@H](O3)N4C=NC5=C(N=CN=C54)N)OP(=O)(O)O)O)O)O,1.1391880512237549,-1.3040955066680908,2.1510796546936035
342,P27306_wild,C1=CC(=C[N+](=C1)[C@H]2[C@@H]([C@@H]([C@H](O2)COP(=O)(O)OP(=O)(O)OC[C@@H]3[C@H]([C@H]([C@@H](O3)N4C=NC5=C(N=CN=C54)N)O)O)O)O)C(=O)N,1.174004316329956,-0.5428882837295532,1.554307222366333
343,P27306_wild,C1C=CN(C=C1C(=O)N)[C@H]2[C@@H]([C@@H]([C@H](O2)COP(=O)(O)OP(=O)(O)OC[C@@H]3[C@H]([C@H]([C@@H](O3)N4C=NC5=C(N=CN=C54)N)OP(=O)(O)O)O)O)O,1.1391880512237549,-1.3040955066680908,2.1510796546936035
