kegg_id	smiles
C00103	C([C@@H]1[C@H]([C@@H]([C@H]([C@H](O1)OP(=O)(O)O)O)O)O)O
C00052	C1=CN(C(=O)NC1=O)C2[C@@H]([C@@H]([C@H](O2)COP(=O)(O)OP(=O)(O)O[C@@H]3[C@@H]([C@H]([C@H]([C@H](O3)CO)O)O)O)O)O
C00003	C1=CC(=C[N+](=C1)[C@H]2[C@@H]([C@@H]([C@H](O2)COP(=O)(O)OP(=O)(O)OC[C@@H]3[C@H]([C@H]([C@@H](O3)N4C=NC5=C(N=CN=C54)N)O)O)O)O)C(=O)N
C02766	[C@@H](C(=O)O)(NC(=O)N)O
C00002	C1=NC(=C2C(=N1)N(C=N2)[C@H]3[C@@H]([C@@H]([C@H](O3)COP(=O)(O)OP(=O)(O)OP(=O)(O)O)O)O)N
C00014	N
C00655	C1=NC2=C(N1[C@H]3[C@@H]([C@@H]([C@H](O3)COP(=O)(O)O)O)O)NC(=O)NC2=O
C03393	C([C@H]([C@H](C(=O)O)O)O)OP(=O)(O)O
C00080	[H+]
C00004	C1C=CN(C=C1C(=O)N)[C@H]2[C@@H]([C@@H]([C@H](O2)COP(=O)(O)OP(=O)(O)OC[C@@H]3[C@H]([C@H]([C@@H](O3)N4C=NC5=C(N=CN=C54)N)O)O)O)O
C00458	C1[C@@H]([C@H](O[C@H]1N2C=CC(=NC2=O)N)COP(=O)(O)OP(=O)(O)OP(=O)(O)O)O
C00001	O
C20231	C(=C\NC(=O)N)\C(=O)OO
C00043	CC(=O)N[C@@H]1[C@H]([C@@H]([C@H](O[C@@H]1OP(=O)(O)OP(=O)(O)OC[C@@H]2[C@H]([C@H]([C@@H](O2)N3C=CC(=O)NC3=O)O)O)CO)O)O
C05897	C[C@@H](C(=O)N[C@H](CCC(=O)N[C@@H](CCC[C@H](C(=O)O)N)C(=O)N[C@H](C)C(=O)N[C@H](C)C(=O)O)C(=O)O)NC(=O)[C@@H](C)O[C@@H]1[C@H]([C@H](O[C@@H]([C@H]1O)CO)OP(=O)(O)OP(=O)(O)OC/C=C(/C)\CC/C=C(/C)\CC/C=C(/C)\CC/C=C(/C)\CC/C=C(/C)\CC/C=C(/C)\CC/C=C(/C)\CC/C=C(/C)\CC/C=C(\C)/CC/C=C(\C)/CCC=C(C)C)NC(=O)C
C04425	C[S+](CCC(=O)C(=O)O)C[C@@H]1[C@H]([C@H]([C@@H](O1)N2C=NC3=C(N=CN=C32)N)O)O
C01037	CC(C(CCCCCC(=O)O)N)N
C00199	C([C@H]([C@H](C(=O)CO)O)O)OP(=O)(O)O
C00049	C([C@@H](C(=O)O)N)C(=O)O
C04823	C1=NC(=C(N1[C@H]2[C@@H]([C@@H]([C@H](O2)COP(=O)(O)O)O)O)N)C(=O)N[C@@H](CC(=O)O)C(=O)O
C00227	CC(=O)OP(=O)(O)O
C00008	C1=NC(=C2C(=N1)N(C=N2)[C@H]3[C@@H]([C@@H]([C@H](O3)COP(=O)(O)OP(=O)(O)O)O)O)N
C00793	C([C@H](C(=O)O)N)S
C03736	C([C@@H]1[C@H]([C@H]([C@H](O1)O)O)O)OP(=O)(O)O
C00332	CC(=O)CC(=O)SCCNC(=O)CCNC(=O)[C@@H](C(C)(C)COP(=O)(O)OP(=O)(O)OC[C@@H]1[C@H]([C@H]([C@@H](O1)N2C=NC3=C(N=CN=C32)N)O)OP(=O)(O)O)O
C00010	CC(C)(COP(=O)(O)OP(=O)(O)OC[C@@H]1[C@H]([C@H]([C@@H](O1)N2C=NC3=C(N=CN=C32)N)O)OP(=O)(O)O)[C@H](C(=O)NCCC(=O)NCCS)O
C04677	C1=NC(=C(N1[C@H]2[C@@H]([C@@H]([C@H](O2)COP(=O)(O)O)O)O)N)C(=O)N
C00122	C(=C/C(=O)O)\C(=O)O
C00020	C1=NC(=C2C(=N1)N(C=N2)[C@H]3[C@@H]([C@@H]([C@H](O3)COP(=O)(O)O)O)O)N
C00119	C([C@@H]1[C@H]([C@H]([C@H](O1)OP(=O)(O)OP(=O)(O)O)O)O)OP(=O)(O)O
C03722	C1=CC(=C(N=C1)C(=O)O)C(=O)O
C00475	C1=CN(C(=O)N=C1N)[C@H]2[C@@H]([C@@H]([C@H](O2)CO)O)O
C00860	C1=C(NC=N1)C[C@@H](CO)N
C00169	C(=O)(N)OP(=O)(O)O
C00263	C(CO)[C@@H](C(=O)O)N
C00006	C1=CC(=C[N+](=C1)[C@H]2[C@@H]([C@@H]([C@H](O2)COP(=O)(O)OP(=O)(O)OC[C@@H]3[C@H]([C@H]([C@@H](O3)N4C=NC5=C(N=CN=C54)N)OP(=O)(O)O)O)O)O)C(=O)N
C00177	[C-]#N
C00957	C(C(=O)C(=O)O)S
C05529	OS(=O)(=S)O
C01005	C([C@@H](C(=O)O)N)OP(=O)(O)O
C00644	C([C@H]([C@H]([C@@H]([C@@H](COP(=O)(O)O)O)O)O)O)O
C00636	C([C@@H]1[C@H]([C@@H]([C@@H]([C@H](O1)OP(=O)(O)O)O)O)O)O
C00048	C(=O)C(=O)O
C00005	C1C=CN(C=C1C(=O)N)[C@H]2[C@@H]([C@@H]([C@H](O2)COP(=O)(O)OP(=O)(O)OC[C@@H]3[C@H]([C@H]([C@@H](O3)N4C=NC5=C(N=CN=C54)N)OP(=O)(O)O)O)O)O
C00168	C(C(=O)C(=O)O)O
C02385	C(CC(C(=O)O)N)CN=C(N)N
C00314	CC1=NC=C(C(=C1O)CO)CO
C00534	CC1=NC=C(C(=C1O)CN)CO
C00417	C(/C(=C/C(=O)O)/C(=O)O)C(=O)O
C00311	C(C(C(C(=O)O)O)C(=O)O)C(=O)O
C00158	C(C(=O)O)C(CC(=O)O)(C(=O)O)O
C00025	C(CC(=O)O)[C@@H](C(=O)O)N
C00022	CC(=O)C(=O)O
C00047	C(CCN)C[C@@H](C(=O)O)N
C00018	CC1=NC=C(C(=C1O)C=O)COP(=O)(O)O
C00310	C1[C@H]([C@@H](C(O1)(CO)O)O)O
C00093	C([C@H](COP(=O)(O)O)O)O
C00258	C([C@H](C(=O)O)O)O
C00879	[C@@H]([C@@H]([C@H](C(=O)O)O)O)([C@@H](C(=O)O)O)O
C00253	C1=CC(=CN=C1)C(=O)O
C01100	C1=C(NC=N1)C[C@@H](COP(=O)(O)O)N
C04593	C[C@@]([C@H](CC(=O)O)C(=O)O)(C(=O)O)O
C00627	CC1=NC=C(C(=C1O)CO)COP(=O)(O)O
C00075	C1=CN(C(=O)NC1=O)[C@H]2[C@@H]([C@@H]([C@H](O2)COP(=O)(O)OP(=O)(O)OP(=O)(O)O)O)O
C00064	C(CC(=O)N)[C@@H](C(=O)O)N
C00137	C1(C(C(C(C(C1O)O)O)O)O)O
C00009	OP(=O)(O)O
C00299	C1=CN(C(=O)NC1=O)[C@H]2[C@@H]([C@@H]([C@H](O2)CO)O)O
C04666	C1=C(NC=N1)[C@@H]([C@@H](COP(=O)(O)O)O)O
C00606	C([C@@H](C(=O)O)N)S(=O)O
C00508	C1[C@@H]([C@@H](C(O1)(CO)O)O)O
C00279	C([C@H]([C@H](C=O)O)O)OP(=O)(O)O
C00013	OP(=O)(O)OP(=O)(O)O
C00204	C([C@@H]([C@@H](CO)O)O)C(=O)C(=O)O
C00134	C(CCN)CN
C00092	C([C@@H]1[C@H]([C@@H]([C@H](C(O1)O)O)O)O)OP(=O)(O)O
C00029	C1=CN(C(=O)NC1=O)[C@H]2[C@@H]([C@@H]([C@H](O2)COP(=O)(O)OP(=O)(O)O[C@@H]3[C@@H]([C@H]([C@@H]([C@H](O3)CO)O)O)O)O)O
C00526	C1[C@@H]([C@H](O[C@H]1N2C=CC(=O)NC2=O)CO)O
C01131	C[C@@H]([C@@H]([C@H](C(=O)COP(=O)(O)O)O)O)O
C00333	[C@@H]1([C@H]([C@H](OC([C@@H]1O)O)C(=O)O)O)O
C00235	CC(=CCOP(=O)(O)OP(=O)(O)O)C
C00129	CC(=C)CCOP(=O)(O)OP(=O)(O)O
C00817	C([C@H]([C@H]([C@H]([C@@H](C(=O)O)O)O)O)O)O
C00679	C([C@@H]([C@H](C(=O)O)O)O)C(=O)C(=O)O
C00042	C(CC(=O)O)C(=O)O
C20957	C[C@@H](C(=O)N[C@H](CCC(=O)O)C(=O)O)N
C20958	C[C@@H](C(=O)N[C@@H](CCC(=O)O)C(=O)O)N
C04895	C1C(=NC2=C(N1)N=C(NC2=O)N)[C@@H]([C@@H](COP(=O)(O)OP(=O)(O)OP(=O)(O)O)O)O
C00105	C1=CN(C(=O)NC1=O)[C@H]2[C@@H]([C@@H]([C@H](O2)COP(=O)(O)O)O)O
C00364	CC1=CN(C(=O)NC1=O)[C@H]2C[C@@H]([C@H](O2)COP(=O)(O)O)O
C00360	C1[C@@H]([C@H](O[C@H]1N2C=NC3=C(N=CN=C32)N)COP(=O)(O)O)O
C00144	C1=NC2=C(N1[C@H]3[C@@H]([C@@H]([C@H](O3)COP(=O)(O)O)O)O)N=C(NC2=O)N
C00365	C1[C@@H]([C@H](O[C@H]1N2C=CC(=O)NC2=O)COP(=O)(O)O)O
C00239	C1[C@@H]([C@H](O[C@H]1N2C=CC(=NC2=O)N)COP(=O)(O)O)O
C00362	C1[C@@H]([C@H](O[C@H]1N2C=NC3=C2N=C(NC3=O)N)COP(=O)(O)O)O
C00130	C1=NC2=C(C(=O)N1)N=CN2[C@H]3[C@@H]([C@@H]([C@H](O3)COP(=O)(O)O)O)O
C03508	CC(=O)[C@@H](C(=O)O)N
C14818	[Fe+2]
C00203	CC(=O)N[C@@H]1[C@H]([C@H]([C@H](O[C@@H]1OP(=O)(O)OP(=O)(O)OC[C@@H]2[C@H]([C@H](C(O2)N3C=CC(=O)NC3=O)O)O)CO)O)O
C00437	CC(=O)N[C@@H](CCCN)C(=O)O
C00026	C(CC(=O)O)C(=O)C(=O)O
C00507	C[C@H]1[C@@H]([C@H]([C@H](C(O1)O)O)O)O
C00348	CC(=CCC/C(=C/CC/C(=C/CC/C(=C/CC/C(=C/CC/C(=C/CC/C(=C/CC/C(=C/CC/C(=C/CC/C(=C/CC/C(=C/COP(=O)(O)O)/C)/C)/C)/C)/C)/C)/C)/C)/C)/C)C
C04882	C[C@@H](C(=O)N[C@H](CCC(=O)N[C@@H](CCC[C@H](C(=O)O)N)C(=O)N[C@H](C)C(=O)N[C@H](C)C(=O)O)C(=O)O)NC(=O)[C@@H](C)O[C@@H]1[C@H]([C@H](O[C@@H]([C@H]1O)CO)OP(=O)(O)OP(=O)(O)OC[C@@H]2[C@H]([C@H]([C@@H](O2)N3C=CC(=O)NC3=O)O)O)NC(=O)C
C01051	C1C2=C(C(=C(N2)CC3=C(C(=C(N3)CC4=C(C(=C(N4)CC5=C(C(=C1N5)CCC(=O)O)CC(=O)O)CC(=O)O)CCC(=O)O)CC(=O)O)CCC(=O)O)CC(=O)O)CCC(=O)O
C00568	C1=CC(=CC=C1C(=O)O)N
C04807	C1C(=NC2=C(N1)N=C(NC2=O)N)COP(=O)(O)OP(=O)(O)O
C00257	C([C@H]([C@H]([C@@H]([C@H](C(=O)O)O)O)O)O)O
C00236	C([C@H](C(=O)OP(=O)(O)O)O)OP(=O)(O)O
C01062	C(C(=O)[C@H]([C@@H]([C@H](C(=O)O)O)O)O)O
C00081	C1=NC2=C(C(=O)N1)N=CN2[C@H]3[C@@H]([C@@H]([C@H](O3)COP(=O)(O)OP(=O)(O)OP(=O)(O)O)O)O
C05267	CCCCCC(=O)CC(=O)SCCNC(=O)CCNC(=O)[C@@H](C(C)(C)COP(=O)(O)OP(=O)(O)OC[C@@H]1[C@H]([C@H]([C@@H](O1)N2C=NC3=C(N=CN=C32)N)O)OP(=O)(O)O)O
C05263	CCCCCCCCCC(=O)CC(=O)SCCNC(=O)CCNC(=O)[C@@H](C(C)(C)COP(=O)(O)OP(=O)(O)OC[C@@H]1[C@H]([C@H]([C@@H](O1)N2C=NC3=C(N=CN=C32)N)O)OP(=O)(O)O)O
C11355	C=C(C(=O)O)O[C@@H]1C=C(C=C[C@H]1N)C(=O)O
C01279	CC1=NC=C(C(=N1)N)CO
C00044	C1=NC2=C(N1[C@H]3[C@@H]([C@@H]([C@H](O3)COP(=O)(O)OP(=O)(O)OP(=O)(O)O)O)O)N=C(NC2=O)N
C05345	C([C@@H]1[C@H]([C@@H]([C@](O1)(CO)O)O)O)OP(=O)(O)O
C00015	C1=CN(C(=O)NC1=O)[C@H]2[C@@H]([C@@H]([C@H](O2)COP(=O)(O)OP(=O)(O)O)O)O
C05649	C1CN=C2C(=N1)C=NC=N2
C00286	C1[C@@H]([C@H](O[C@H]1N2C=NC3=C2N=C(NC3=O)N)COP(=O)(O)OP(=O)(O)OP(=O)(O)O)O
C01936	C([C@@H]1[C@H]([C@@H]([C@H]([C@H](O1)O[C@@H]2[C@H](O[C@@H]([C@@H]([C@H]2O)O)O[C@@H]3[C@H](O[C@@H]([C@@H]([C@H]3O)O)O[C@@H]4[C@H](O[C@@H]([C@@H]([C@H]4O)O)O[C@@H]5[C@H](O[C@@H]([C@@H]([C@H]5O)O)O[C@@H]6[C@H](OC([C@@H]([C@H]6O)O)O)CO)CO)CO)CO)CO)O)O)O)O
C00101	C1[C@@H](NC2=C(N1)N=C(NC2=O)N)CNC3=CC=C(C=C3)C(=O)N[C@@H](CCC(=O)O)C(=O)O
C00063	C1=CN(C(=O)N=C1N)[C@H]2[C@@H]([C@@H]([C@H](O2)COP(=O)(O)OP(=O)(O)OP(=O)(O)O)O)O
C05778	C[C@@]1([C@@H](C2=NC1=CC3=NC(=CC4=C(C(=C(N4)C=C5C(=C(C(=C2)N5)CC(=O)O)CCC(=O)O)CCC(=O)O)CC(=O)O)[C@@]([C@@H]3CCC(=O)O)(C)CC(=O)O)CCC(=O)O)CC(=O)O
C03415	C(C[C@@H](C(=O)O)NC(=O)CCC(=O)O)CN
C01417	C(#N)O
C01353	C(=O)(O)O
C01112	C([C@H]([C@H]([C@@H](C=O)O)O)O)OP(=O)(O)O
C00601	C1=CC=C(C=C1)CC=O
C00074	C=C(C(=O)O)OP(=O)(O)O
C00661	C(C(C=O)O)OP(=O)(O)O
C05382	C([C@H]([C@H]([C@H]([C@@H](C(=O)CO)O)O)O)O)OP(=O)(O)O
C00770	C([C@@H]([C@H]([C@@H]([C@H](C(=O)O)O)O)O)O)O
C00245	C(CS(=O)(=O)O)N
C03114	CC1=CC2=C(C=C1C)N=CN2
C01185	C1=CC(=C[N+](=C1)[C@H]2[C@@H]([C@@H]([C@H](O2)COP(=O)(O)O)O)O)C(=O)O
C00053	C1=NC(=C2C(=N1)N(C=N2)[C@H]3[C@@H]([C@@H]([C@H](O3)COP(=O)(O)OS(=O)(=O)O)OP(=O)(O)O)O)N
C01096	C([C@@H]([C@H]([C@@H]([C@@H](COP(=O)(O)O)O)O)O)O)O
C00798	CC(C)(COP(=O)(O)OP(=O)(O)OC[C@@H]1[C@H]([C@H]([C@@H](O1)N2C=NC3=C(N=CN=C32)N)O)OP(=O)(O)O)[C@H](C(=O)NCCC(=O)NCCSC=O)O
C00209	C(=O)(C(=O)O)O
C01083	C([C@@H]1[C@H]([C@@H]([C@H]([C@H](O1)O[C@@H]2[C@@H]([C@H]([C@@H]([C@H](O2)CO)O)O)O)O)O)O)O
C00672	C1[C@@H]([C@H](O[C@@H]1OP(=O)(O)O)CO)O
C00242	C1=NC2=C(N1)C(=O)NC(=N2)N
C00700	C1=NC2=C(N1[C@H]3[C@@H]([C@@H]([C@H](O3)COP(=O)(O)OP(=O)(O)OP(=O)(O)O)O)O)NC(=O)NC2=O
C00680	C(C[C@H](C(=O)O)N)C[C@@H](C(=O)O)N
C00692	C[C@@H](C(=O)N[C@H](CCC(=O)O)C(=O)O)NC(=O)[C@@H](C)O[C@@H]1[C@H]([C@H](O[C@@H]([C@H]1O)CO)OP(=O)(O)OP(=O)(O)OC[C@@H]2[C@H]([C@H]([C@@H](O2)N3C=CC(=O)NC3=O)O)O)NC(=O)C
C01144	C[C@@H](CC(=O)SCCNC(=O)CCNC(=O)[C@@H](C(C)(C)COP(=O)(O)OP(=O)(O)OC[C@@H]1[C@H]([C@H]([C@@H](O1)N2C=NC3=C(N=CN=C32)N)O)OP(=O)(O)O)O)O
C06054	C([C@H](C(=O)C(=O)O)O)OP(=O)(O)O
C03232	C(C(=O)C(=O)O)OP(=O)(O)O
C01216	C([C@H]([C@@H](CO)O)O)C(=O)C(=O)O
C00222	C(C=O)C(=O)O
C00861	C[C@@H]([C@@H]([C@H](C(=O)CO)O)O)O
C00231	C([C@H]([C@@H](C(=O)CO)O)O)OP(=O)(O)O
C01260	C1=NC(=C2C(=N1)N(C=N2)[C@H]3[C@@H]([C@@H]([C@H](O3)COP(=O)(O)OP(=O)(O)OP(=O)(O)OP(=O)(O)OC[C@@H]4[C@H]([C@H]([C@@H](O4)N5C=NC6=C(N=CN=C65)N)O)O)O)O)N
C00036	C(C(=O)C(=O)O)C(=O)O
C00111	C(C(=O)COP(=O)(O)O)O
C05999	CC(C=O)O
C00716	C(C(C(=O)O)N)O
C02741	C1=NC2=C(N1[C@H]3[C@@H]([C@@H]([C@H](O3)COP(=O)(O)O)O)O)N=CN(C2=N)[C@H]4[C@@H]([C@@H]([C@H](O4)COP(=O)(O)O)O)O
C00141	CC(C)C(=O)C(=O)O
C05260	CCCCCCCCCCC[C@@H](CC(=O)SCCNC(=O)CCNC(=O)[C@@H](C(C)(C)COP(=O)(O)OP(=O)(O)OC[C@@H]1[C@H]([C@H]([C@@H](O1)N2C=NC3=C(N=CN=C32)N)O)OP(=O)(O)O)O)O
C05264	CCCCCCC[C@@H](CC(=O)SCCNC(=O)CCNC(=O)[C@@H](C(C)(C)COP(=O)(O)OP(=O)(O)OC[C@@H]1[C@H]([C@H]([C@@H](O1)N2C=NC3=C(N=CN=C32)N)O)OP(=O)(O)O)O)O
C05262	CCCCCCCCC[C@@H](CC(=O)SCCNC(=O)CCNC(=O)[C@@H](C(C)(C)COP(=O)(O)OP(=O)(O)OC[C@@H]1[C@H]([C@H]([C@@H](O1)N2C=NC3=C(N=CN=C32)N)O)OP(=O)(O)O)O)O
C05258	CCCCCCCCCCCCC[C@@H](CC(=O)SCCNC(=O)CCNC(=O)[C@@H](C(C)(C)COP(=O)(O)OP(=O)(O)OC[C@@H]1[C@H]([C@H]([C@@H](O1)N2C=NC3=C(N=CN=C32)N)O)OP(=O)(O)O)O)O
C05268	CCC[C@@H](CC(=O)SCCNC(=O)CCNC(=O)[C@@H](C(C)(C)COP(=O)(O)OP(=O)(O)OC[C@@H]1[C@H]([C@H]([C@@H](O1)N2C=NC3=C(N=CN=C32)N)O)OP(=O)(O)O)O)O
C05266	CCCCC[C@@H](CC(=O)SCCNC(=O)CCNC(=O)[C@@H](C(C)(C)COP(=O)(O)OP(=O)(O)OC[C@@H]1[C@H]([C@H]([C@@H](O1)N2C=NC3=C(N=CN=C32)N)O)OP(=O)(O)O)O)O
C16218	CCCCCCCCCCCCCCC/C=C/C(=O)SCCNC(=O)CCNC(=O)[C@@H](C(C)(C)COP(=O)(O)OP(=O)(O)OC[C@@H]1[C@H]([C@H]([C@@H](O1)N2C=NC3=C(N=CN=C32)N)O)OP(=O)(O)O)O
C05273	CCCCCCCCCCC/C=C/C(=O)SCCNC(=O)CCNC(=O)[C@@H](C(C)(C)COP(=O)(O)OP(=O)(O)OC[C@@H]1[C@H]([C@H]([C@@H](O1)N2C=NC3=C(N=CN=C32)N)O)OP(=O)(O)O)O
C05272	CCCCCCCCCCCCC/C=C/C(=O)SCCNC(=O)CCNC(=O)[C@@H](C(C)(C)COP(=O)(O)OP(=O)(O)OC[C@@H]1[C@H]([C@H]([C@@H](O1)N2C=NC3=C(N=CN=C32)N)O)OP(=O)(O)O)O
C00232	C(CC(=O)O)C=O
C00842	CC1=CN(C(=O)NC1=O)[C@H]2C[C@@H]([C@H](O2)COP(=O)(O)OP(=O)(O)O[C@@H]3[C@@H]([C@H]([C@@H]([C@H](O3)CO)O)O)O)O
C00027	OO
C01031	C(CC(=O)N[C@@H](CSC=O)C(=O)NCC(=O)O)[C@@H](C(=O)O)N
C00689	C([C@@H]1[C@H]([C@@H]([C@H]([C@H](O1)O[C@@H]2[C@@H]([C@H]([C@@H]([C@H](O2)COP(=O)(O)O)O)O)O)O)O)O)O
C06187	C1=CC(=CC=C1O)O[C@H]2[C@@H]([C@H]([C@@H]([C@H](O2)COP(=O)(O)O)O)O)O
C00206	C1[C@@H]([C@H](O[C@H]1N2C=NC3=C(N=CN=C32)N)COP(=O)(O)OP(=O)(O)O)O
C00182	C([C@@H]1[C@H]([C@@H]([C@H]([C@H](O1)OC[C@@H]2[C@H]([C@@H]([C@H]([C@H](O2)O[C@@H]3[C@H](O[C@@H]([C@@H]([C@H]3O)O)O)CO)O)O)O[C@@H]4[C@@H]([C@H]([C@@H]([C@H](O4)CO)O)O)O)O)O)O)O
C00361	C1[C@@H]([C@H](O[C@H]1N2C=NC3=C2N=C(NC3=O)N)COP(=O)(O)OP(=O)(O)O)O
C01346	C1[C@@H]([C@H](O[C@H]1N2C=CC(=O)NC2=O)COP(=O)(O)OP(=O)(O)O)O
C00460	C1[C@@H]([C@H](O[C@H]1N2C=CC(=O)NC2=O)COP(=O)(O)OP(=O)(O)OP(=O)(O)O)O
C00131	C1[C@@H]([C@H](O[C@H]1N2C=NC3=C(N=CN=C32)N)COP(=O)(O)OP(=O)(O)OP(=O)(O)O)O
C00705	C1[C@@H]([C@H](O[C@H]1N2C=CC(=NC2=O)N)COP(=O)(O)OP(=O)(O)O)O
C00112	C1=CN(C(=O)N=C1N)[C@H]2[C@@H]([C@@H]([C@H](O2)COP(=O)(O)OP(=O)(O)O)O)O
C00363	CC1=CN(C(=O)NC1=O)[C@H]2C[C@@H]([C@H](O2)COP(=O)(O)OP(=O)(O)O)O
C00459	CC1=CN(C(=O)NC1=O)[C@H]2C[C@@H]([C@H](O2)COP(=O)(O)OP(=O)(O)OP(=O)(O)O)O
C00035	C1=NC2=C(N1[C@H]3[C@@H]([C@@H]([C@H](O3)COP(=O)(O)OP(=O)(O)O)O)O)N=C(NC2=O)N
C00446	C([C@@H]1[C@@H]([C@@H]([C@H]([C@H](O1)OP(=O)(O)O)O)O)O)O
C00455	C1=CC(=C[N+](=C1)[C@H]2[C@@H]([C@@H]([C@H](O2)COP(=O)(O)[O-])O)O)C(=O)N
C02962	C([C@@H]1[C@H]([C@H]([C@H](C(O1)O)O)O)O)OP(=O)(O)O
C18096	C([C@@H]1[C@H]([C@H](C(O1)(CO)O)O)O)OP(=O)(O)O
C04411	CC(C)[C@@H]([C@H](C(=O)O)O)C(=O)O
C00051	C(CC(=O)N[C@@H](CS)C(=O)NCC(=O)O)[C@@H](C(=O)O)N
C05757	CCCCCCCCC[C@H](CC(=O)S)O
C05747	CCC[C@H](CC(=O)S)O
C01271	C(CO)C(=O)S
C16220	CCCCCCCCCCCCCCC[C@H](CC(=O)S)O
C03082	C([C@@H](C(=O)O)N)C(=O)OP(=O)(O)O
C00275	C([C@@H]1[C@H]([C@@H]([C@@H](C(O1)O)O)O)O)OP(=O)(O)O
C00061	CC1=CC2=C(C=C1C)N(C3=NC(=O)NC(=O)C3=N2)C[C@@H]([C@@H]([C@@H](COP(=O)(O)O)O)O)O
C00993	C[C@H](C(=O)N[C@H](C)C(=O)O)N
C00255	CC1=CC2=C(C=C1C)N(C3=NC(=O)NC(=O)C3=N2)C[C@@H]([C@@H]([C@@H](CO)O)O)O
C00301	C1=NC(=C2C(=N1)N(C=N2)[C@H]3[C@@H]([C@@H]([C@H](O3)COP(=O)(O)OP(=O)(O)OC[C@@H]4[C@H]([C@H]([C@@H](O4)O)O)O)O)O)N
C00559	C1[C@@H]([C@H](O[C@H]1N2C=NC3=C(N=CN=C32)N)CO)O
C02730	C1=CC=C(C(=C1)C(=O)CCC(=O)O)C(=O)O
C04896	C1=NC(=C(N1[C@H]2[C@@H]([C@@H]([C@H](O2)COP(=O)(O)O)O)O)N/C=N/[C@H]3[C@@H]([C@@H]([C@H](O3)COP(=O)(O)O)O)O)C(=O)N
C04916	C1=NC(=C(N1[C@H]2[C@@H]([C@@H]([C@H](O2)COP(=O)(O)O)O)O)NC=NCC(=O)[C@@H]([C@@H](COP(=O)(O)O)O)O)C(=O)N
C00164	CC(=O)CC(=O)O
C00024	CC(=O)SCCNC(=O)CCNC(=O)[C@@H](C(C)(C)COP(=O)(O)OP(=O)(O)OC[C@@H]1[C@H]([C@H]([C@@H](O1)N2C=NC3=C(N=CN=C32)N)O)OP(=O)(O)O)O
C14145	CC(C)(COP(=O)(O)OP(=O)(O)OC[C@@H]1[C@H]([C@H]([C@@H](O1)N2C=NC3=C(N=CN=C32)N)O)OP(=O)(O)O)[C@H](C(=O)NCCC(=O)NCCSC(=O)C[C@H](CCC(=O)O)O)O
C01888	CC(=O)CN
C05771	CC(CN)O
C01367	C1=NC(=C2C(=N1)N(C=N2)[C@H]3[C@@H]([C@@H]([C@H](O3)CO)OP(=O)(O)O)O)N
C05822	C1=CN(C(=O)N=C1N)[C@H]2[C@@H]([C@@H]([C@H](O2)CO)OP(=O)(O)O)O
C01368	C1=CN(C(=O)NC1=O)[C@H]2[C@@H]([C@@H]([C@H](O2)CO)OP(=O)(O)O)O
C06193	C1=NC2=C(N1[C@H]3[C@@H]([C@@H]([C@H](O3)CO)OP(=O)(O)O)O)N=C(NC2=O)N
C00214	CC1=CN(C(=O)NC1=O)[C@H]2C[C@@H]([C@H](O2)CO)O
C00011	C(=O)=O
C01352	CC1=CC2=C(C=C1C)N(C3=C(N2)C(=O)NC(=O)N3)C[C@@H]([C@@H]([C@@H](COP(=O)(O)OP(=O)(O)OC[C@@H]4[C@H]([C@H]([C@@H](O4)N5C=NC6=C(N=CN=C65)N)O)O)O)O)O
C01832	CCCCCCCCCCCC(=O)SCCNC(=O)CCNC(=O)[C@@H](C(C)(C)COP(=O)(O)OP(=O)(O)OC[C@@H]1[C@H]([C@H]([C@@H](O1)N2C=NC3=C(N=CN=C32)N)O)OP(=O)(O)O)O
C00016	CC1=CC2=C(C=C1C)N(C3=NC(=O)NC(=O)C3=N2)C[C@@H]([C@@H]([C@@H](COP(=O)(O)OP(=O)(O)OC[C@@H]4[C@H]([C@H]([C@@H](O4)N5C=NC6=C(N=CN=C65)N)O)O)O)O)O
C03221	CCCCCCCCC/C=C/C(=O)SCCNC(=O)CCNC(=O)[C@@H](C(C)(C)COP(=O)(O)OP(=O)(O)OC[C@@H]1[C@H]([C@H]([C@@H](O1)N2C=NC3=C(N=CN=C32)N)O)OP(=O)(O)O)O
C05276	CCCCC/C=C/C(=O)SCCNC(=O)CCNC(=O)[C@@H](C(C)(C)COP(=O)(O)OP(=O)(O)OC[C@@H]1[C@H]([C@H]([C@@H](O1)N2C=NC3=C(N=CN=C32)N)O)OP(=O)(O)O)O
C00897	C([C@@H]1[C@H]([C@@H]([C@H]([C@H](O1)O[C@@H]2[C@H](O[C@@H]([C@@H]([C@H]2O)O)O)CO)O)O)O)O
C02013	C([C@@H]1[C@H]([C@@H]([C@H]([C@@H](O1)O[C@@H]2[C@H](O[C@H]([C@@H]([C@H]2O)O)O[C@@H]3[C@H](O[C@H]([C@@H]([C@H]3O)O)O[C@@H]4[C@H](OC([C@@H]([C@H]4O)O)O)CO)CO)CO)O)O)O)O
C00575	C1[C@@H]2[C@H]([C@H]([C@@H](O2)N3C=NC4=C(N=CN=C43)N)O)OP(=O)(O1)O
C00620	C([C@@H]1[C@H]([C@H]([C@H](O1)OP(=O)(O)O)O)O)O
C00116	C(C(CO)O)O
C00243	C([C@@H]1[C@@H]([C@@H]([C@H]([C@@H](O1)O[C@@H]2[C@H](OC([C@@H]([C@H]2O)O)O)CO)O)O)O)O
C01286	C([C@H]([C@@H](COP(=O)(O)O)O)O)C(=O)C(=O)O
C00114	C[N+](C)(C)CCO
C04352	CC(C)(COP(=O)(O)O)[C@H](C(=O)NCCC(=O)N[C@@H](CS)C(=O)O)O
C01170	CC(=O)N[C@H]1[C@H]([C@@H]([C@H](O[C@@H]1OP(=O)(O)OP(=O)(O)OC[C@@H]2[C@H]([C@H]([C@@H](O2)N3C=CC(=O)NC3=O)O)O)CO)O)O
C02593	CCCCCCCCCCCCCC(=O)SCCNC(=O)CCNC(=O)[C@@H](C(C)(C)COP(=O)(O)OP(=O)(O)OC[C@@H]1[C@H]([C@H]([C@@H](O1)N2C=NC3=C(N=CN=C32)N)O)OP(=O)(O)O)O
C00068	CC1=C(SC=[N+]1CC2=CN=C(N=C2N)C)CCOP(=O)(O)OP(=O)(O)O
C00194	CC1=CC2=C(C=C1C)N(C=N2)[C@@H]3[C@@H]([C@@H]([C@H](O3)CO)OP(=O)([O-])O[C@H](C)CNC(=O)CC[C@@]\4([C@H](C5[C@]6([C@@]([C@@H](C(=N6)/C(=C\7/[C@@]([C@@H](C(=N7)/C=C\8/C([C@@H](C(=N8)/C(=C4\[N-]5)/C)CCC(=O)N)(C)C)CCC(=O)N)(C)CC(=O)N)/C)CCC(=O)N)(C)CC(=O)N)C)CC(=O)N)C)O.[CH2-][C@@H]1[C@H]([C@H]([C@@H](O1)N2C=NC3=C(N=CN=C32)N)O)O.[Co+3]
C00536	OP(=O)(O)OP(=O)(O)OP(=O)(O)O
C06508	C/C/1=C/2\[C@H]([C@]([C@@]([N-]2)(C3[C@@H]([C@@](C(=N3)/C(=C\4/[C@H](C(C(=N4)/C=C\5/[C@H]([C@](C1=N5)(C)CC(=O)N)CCC(=O)N)(C)C)CCC(=O)N)/C)(C)CCC(=O)NC[C@@H](C)O)CC(=O)N)C)(C)CC(=O)N)CCC(=O)N.[CH2-][C@@H]1[C@H]([C@H]([C@@H](O1)N2C=NC3=C(N=CN=C32)N)O)O.[Co+3]
C00881	C1[C@@H]([C@H](O[C@H]1N2C=CC(=NC2=O)N)CO)O
C05275	CCCCCCC/C=C/C(=O)SCCNC(=O)CCNC(=O)[C@@H](C(C)(C)COP(=O)(O)OP(=O)(O)OC[C@@H]1[C@H]([C@H]([C@@H](O1)N2C=NC3=C(N=CN=C32)N)O)OP(=O)(O)O)O
C05271	CCC/C=C/C(=O)SCCNC(=O)CCNC(=O)[C@@H](C(C)(C)COP(=O)(O)OP(=O)(O)OC[C@@H]1[C@H]([C@H]([C@@H](O1)N2C=NC3=C(N=CN=C32)N)O)OP(=O)(O)O)O
C00905	C(C1([C@H]([C@@H]([C@H](O1)C(=O)O)O)O)O)O
C00558	C(C1([C@H]([C@H]([C@H](O1)C(=O)O)O)O)O)O
C00704	[O-][O]
C06022	CCCCCCCCCCC[C@H](CC(=O)O[C@@H]1[C@H]([C@H](O[C@@H]([C@H]1O)CO)OP(=O)(O)OP(=O)(O)OC[C@@H]2[C@H]([C@H]([C@@H](O2)N3C=CC(=O)NC3=O)O)O)N)O
C00213	CNCC(=O)O
C16241	C1CSS[C@@H]1CCCCC(=O)O
C04874	C1C(=NC2=C(N1)N=C(NC2=O)N)[C@@H]([C@@H](CO)O)O
C01300	C1C(=NC2=C(N1)N=C(NC2=O)N)CO
C00266	C(C=O)O
C04732	C([C@@H]([C@@H]([C@@H](CO)O)O)O)NC1=C(C(=O)NC(=O)N1)N
C15556	CC(=O)C(COP(=O)(O)O)O
C00083	CC(C)(COP(=O)(O)OP(=O)(O)OC[C@@H]1[C@H]([C@H]([C@@H](O1)N2C=NC3=C(N=CN=C32)N)O)OP(=O)(O)O)[C@H](C(=O)NCCC(=O)NCCSC(=O)CC(=O)O)O
C02876	CCC(=O)OP(=O)(O)O
C00673	C1[C@@H]([C@H](OC1O)COP(=O)(O)O)O
C06007	CC[C@](C)([C@H](C(=O)O)O)O
C04272	CC(C)([C@H](C(=O)O)O)O
C04294	CC1=C(SC=N1)CCO
C02780	C(C(=O)[C@H]([C@@H](C(=O)C(=O)O)O)O)O
C00880	C([C@H]([C@@H]([C@@H]([C@H](C(=O)O)O)O)O)O)O
C01267	C1=C(NC=N1)CC(=O)COP(=O)(O)O
C01142	C(C[C@@H](CC(=O)O)N)CN
C04421	C(C[C@@H](C(=O)O)N)C[C@@H](C(=O)O)NC(=O)CCC(=O)O
C04462	C(C[C@@H](C(=O)O)NC(=O)CCC(=O)O)CC(=O)C(=O)O
C00546	CC(=O)C=O
C00191	[C@@H]1([C@@H]([C@H](OC([C@@H]1O)O)C(=O)O)O)O
C04058	C1=NC(=C2C(=N1)N(C=N2)[C@H]3[C@@H]([C@@H]([C@H](O3)COP(=O)(O)OP(=O)(O)OP(=O)(O)OP(=O)(O)OP(=O)(O)OC[C@@H]4[C@H]([C@H]([C@@H](O4)N5C=NC6=C(N=CN=C65)N)O)O)O)O)N
C00498	C1=NC(=C2C(=N1)N(C=N2)[C@H]3[C@@H]([C@@H]([C@H](O3)COP(=O)(O)OP(=O)(O)O[C@@H]4[C@@H]([C@H]([C@@H]([C@H](O4)CO)O)O)O)O)O)N
C00683	C[C@@H](C(=O)O)C(=O)SCCNC(=O)CCNC(=O)[C@@H](C(C)(C)COP(=O)(O)OP(=O)(O)OC[C@@H]1[C@H]([C@H]([C@@H](O1)N2C=NC3=C(N=CN=C32)N)O)OP(=O)(O)O)O
C00106	C1=CNC(=O)NC1=O
C15583	CC(=O)OC1=CC=CC=C1
C00989	C(CC(=O)O)CO
C03939	CC(=O)S
C00100	CCC(=O)SCCNC(=O)CCNC(=O)[C@@H](C(C)(C)COP(=O)(O)OP(=O)(O)OC[C@@H]1[C@H]([C@H]([C@@H](O1)N2C=NC3=C(N=CN=C32)N)O)OP(=O)(O)O)O
C00167	C1=CN(C(=O)NC1=O)[C@H]2[C@@H]([C@@H]([C@H](O2)COP(=O)(O)OP(=O)(O)O[C@@H]3[C@@H]([C@H]([C@@H]([C@H](O3)C(=O)O)O)O)O)O)O
C01250	CC(=O)N[C@@H](CCC=O)C(=O)O
C02739	C1=NC2=C(N1[C@H]3[C@@H]([C@@H]([C@H](O3)COP(=O)(O)OP(=O)(O)OP(=O)(O)O)O)O)N=CN(C2=N)[C@H]4[C@@H]([C@@H]([C@H](O4)COP(=O)(O)O)O)O
C01835	C([C@@H]1[C@H]([C@@H]([C@H]([C@H](O1)O[C@@H]2[C@H](O[C@@H]([C@@H]([C@H]2O)O)O[C@@H]3[C@H](OC([C@@H]([C@H]3O)O)O)CO)CO)O)O)O)O
C04932	CCCCCCCCCCC[C@H](CC(=O)N[C@@H]1[C@H]([C@@H]([C@H](O[C@H]1OC[C@@H]2[C@H]([C@@H]([C@H]([C@H](O2)OP(=O)(O)O)NC(=O)C[C@@H](CCCCCCCCCCC)O)OC(=O)C[C@@H](CCCCCCCCCCC)O)O)CO)O)OC(=O)C[C@@H](CCCCCCCCCCC)O)O
C01081	CC1=C(SC=[N+]1CC2=CN=C(N=C2N)C)CCOP(=O)(O)O
C00249	CCCCCCCCCCCCCCCC(=O)O
C01530	CCCCCCCCCCCCCCCCCC(=O)O
C05924	C([C@@H]1C(=C([C@H]2[C@@H](O1)NC3=C(N2)C(=O)NC(=N3)N)S)S)OP(=O)(O)O
C00445	C1C2CN(C=[N+]2C3=C(N1)N=C(NC3=O)N)C4=CC=C(C=C4)C(=O)N[C@@H](CCC(=O)O)C(=O)O
C03479	C1[C@@H](N(C2=C(N1)N=C(NC2=O)N)C=O)CNC3=CC=C(C=C3)C(=O)N[C@@H](CCC(=O)O)C(=O)O
C04738	CCCCCCCCCCC[C@H](CC(=O)O[C@@H]1[C@H]([C@H](O[C@@H]([C@H]1O)CO)OP(=O)(O)OP(=O)(O)OC[C@@H]2[C@H]([C@H]([C@@H](O2)N3C=CC(=O)NC3=O)O)O)NC(=O)C)O
C01269	C=C(C(=O)O)O[C@@H]1CC(=C[C@H]([C@H]1O)OP(=O)(O)O)C(=O)O
C03741	C(CC(=O)O)[C@@H](C=O)N
C00430	C(CC(=O)O)C(=O)CN
C00058	C(=O)O
C00313	CC(C)(COP(=O)(O)OP(=O)(O)OC[C@@H]1[C@H]([C@H]([C@@H](O1)N2C=NC3=C(N=CN=C32)N)O)OP(=O)(O)O)[C@H](C(=O)NCCC(=O)NCCSC(=O)C(=O)O)O
C01721	C[C@@H]([C@H]([C@H](C(=O)CO)O)O)O
C00216	C1[C@H]([C@H]([C@@H](C(O1)O)O)O)O
C00309	C1[C@H]([C@H](C(O1)(CO)O)O)O
C06055	C([C@H]([C@@H](C(=O)O)N)O)OP(=O)(O)O
C01345	C1[C@@H]([C@H](O[C@H]1N2C=NC3=C2N=CNC3=O)COP(=O)(O)OP(=O)(O)OP(=O)(O)O)O
C04171	C1=C[C@@H]([C@H](C(=C1)C(=O)O)O)O
C00196	C1=CC(=C(C(=C1)O)O)C(=O)O
C06510	C/C/1=C/2\[C@H]([C@]([C@@]([N-]2)(C3[C@@H]([C@@](C(=N3)/C(=C\4/[C@H](C(C(=N4)/C=C\5/[C@H]([C@](C1=N5)(C)CC(=O)N)CCC(=O)N)(C)C)CCC(=O)N)/C)(C)CCC(=O)NC[C@@H](C)OP(=O)(O)OP(=O)(O)OC[C@@H]6[C@H]([C@H]([C@@H](O6)N7C=NC8=C7N=C(NC8=O)N)O)O)CC(=O)N)C)(C)CC(=O)N)CCC(=O)N.[CH2-][C@@H]1[C@H]([C@H]([C@@H](O1)N2C=NC3=C(N=CN=C32)N)O)O.[Co+3]
C05775	CC1=CC2=C(C=C1C)N(C=N2)[C@@H]3[C@@H]([C@@H]([C@H](O3)CO)O)O
C11822	C(=O)[C@@H](C(=O)O)N
C00109	CCC(=O)C(=O)O
C00037	C(C(=O)O)N
C03090	C([C@@H]1[C@H]([C@H]([C@@H](O1)N)O)O)OP(=O)(O)O
C03838	C([C@@H]1[C@H]([C@H]([C@@H](O1)NC(=O)CN)O)O)OP(=O)(O)O
C01478	O[As](=O)(O)O
C04376	C([C@@H]1[C@H]([C@H]([C@@H](O1)NC(=O)CNC=O)O)O)OP(=O)(O)O
C15767	C(CC(=O)O)CNC(=O)CC[C@@H](C(=O)O)N
C01268	C([C@@H]1[C@H]([C@H]([C@@H](O1)NC2=C(C(=O)NC(=O)N2)N)O)O)OP(=O)(O)O
C00217	C(CC(=O)O)[C@H](C(=O)O)N
C01212	C[C@@H](C(=O)O)NC(=O)[C@@H](C)O[C@@H]1[C@H]([C@H](O[C@@H]([C@H]1O)CO)OP(=O)(O)OP(=O)(O)OC[C@@H]2[C@H]([C@H]([C@@H](O2)N3C=CC(=O)NC3=O)O)O)NC(=O)C
C01304	C([C@@H]1[C@H]([C@H]([C@@H](O1)NC2=C(C(=O)NC(=N2)N)N)O)O)OP(=O)(O)O
C20386	C1[C@H]2[C@@H]([C@@H](S1=O)CCCCC(=O)O)NC(=O)N2
C01146	C(=O)C(C(=O)O)O
C12147	C[C@H]([C@@H](C(=O)O)N)OP(=O)(O)O
C01487	C([C@@H]1[C@H]([C@H]([C@H](C(O1)O)O)O)O)O
C04225	C/C(=C(\CC(=O)O)/C(=O)O)/C(=O)O
C00096	C1=NC2=C(N1[C@H]3[C@@H]([C@@H]([C@H](O3)COP(=O)(O)OP(=O)(O)O[C@@H]4[C@H]([C@H]([C@@H]([C@H](O4)CO)O)O)O)O)O)N=C(NC2=O)N
C03287	C(CC(=O)OP(=O)(O)O)[C@@H](C(=O)O)N
C01401	CC(C(=O)O)N
C00133	C[C@H](C(=O)O)N
C02463	C[C@@]\1([C@@H](/C/2=C/C3=N/C(=C\C4=C(C(=C(N4)CC5=C(C(=C(N5)/C=C1\N2)CC(=O)O)CCC(=O)O)CCC(=O)O)CC(=O)O)/[C@H]([C@]3(C)CC(=O)O)CCC(=O)O)CCC(=O)O)CC(=O)O
C17569	CC1=C(C(=O)C(=C(C1=O)OC)OC)C/C=C(\C)/CC/C=C(\C)/CC/C=C(\C)/CC/C=C(\C)/CC/C=C(\C)/CC/C=C(\C)/CC/C=C(\C)/CCC=C(C)C
C04121	C1[C@H]([C@H]([C@H](O[C@@]1(C(=O)O)OP(=O)(O)OC[C@@H]2[C@H]([C@H]([C@@H](O2)N3C=CC(=NC3=O)N)O)O)[C@@H](CO)O)O)O
C04919	CCCCCCCCCCC[C@H](CC(=O)N[C@@H]1[C@H]([C@@H]([C@H](O[C@@H]1OP(=O)(O)O)CO[C@H]2[C@@H]([C@H]([C@@H]([C@H](O2)CO)OP(=O)(O)O)OC(=O)C[C@@H](CCCCCCCCCCC)O)NC(=O)C[C@@H](CCCCCCCCCCC)O)O)OC(=O)C[C@@H](CCCCCCCCCCC)O)O
C04652	CCCCCCCCCCC[C@H](CC(=O)N[C@@H]1[C@H]([C@@H]([C@H](O[C@@H]1OP(=O)(O)OP(=O)(O)OC[C@@H]2[C@H]([C@H]([C@@H](O2)N3C=CC(=O)NC3=O)O)O)CO)O)OC(=O)C[C@@H](CCCCCCCCCCC)O)O
C04824	CCCCCCCCCCC[C@H](CC(=O)N[C@@H]1[C@H]([C@@H]([C@H](O[C@@H]1OP(=O)(O)O)CO)O)OC(=O)C[C@@H](CCCCCCCCCCC)O)O
C04752	CC1=NC=C(C(=N1)N)COP(=O)(O)OP(=O)(O)O
C04327	CC1=C(SC=N1)CCOP(=O)(O)O
C00234	C1[C@@H](NC2=C(N1)N=C(NC2=O)N)CN(C=O)C3=CC=C(C=C3)C(=O)N[C@@H](CCC(=O)O)C(=O)O
C00345	C([C@H]([C@H]([C@@H]([C@H](C(=O)O)O)O)O)O)OP(=O)(O)O
C00104	C1=NC2=C(C(=O)N1)N=CN2[C@H]3[C@@H]([C@@H]([C@H](O3)COP(=O)(O)OP(=O)(O)O)O)O
C00294	C1=NC2=C(C(=O)N1)N=CN2[C@H]3[C@@H]([C@@H]([C@H](O3)CO)O)O
C00448	CC(=CCC/C(=C/CC/C(=C/COP(=O)(O)OP(=O)(O)O)/C)/C)C
C00032	CC1=C(C2=CC3=NC(=CC4=C(C(=C([N-]4)C=C5C(=C(C(=N5)C=C1[N-]2)C=C)C)C=C)C)C(=C3CCC(=O)O)C)CCC(=O)O.[Fe+2]
C00327	C(C[C@@H](C(=O)O)N)CNC(=O)N
C04133	CC(=O)N[C@@H](CCC(=O)OP(=O)(O)O)C(=O)O
C11435	C[C@](CO)([C@@H](COP(=O)(O)OP(=O)(O)OC[C@@H]1[C@H]([C@H]([C@@H](O1)N2C=CC(=NC2=O)N)O)O)O)O
C12622	C1=C[C@@H]([C@@H](C(=C1)/C=C/C(=O)O)O)O
C05809	CC(=CCC/C(=C/CC/C(=C/CC/C(=C/CC/C(=C/CC/C(=C/CC/C(=C/CC/C(=C/CC1=C(C=CC(=C1)C(=O)O)O)/C)/C)/C)/C)/C)/C)/C)C
C05811	CC(=CCC/C(=C/CC/C(=C/CC/C(=C/CC/C(=C/CC/C(=C/CC/C(=C/CC/C(=C/CC1=C(C(=CC=C1)O)O)/C)/C)/C)/C)/C)/C)/C)C
C00337	C1[C@H](NC(=O)NC1=O)C(=O)O
C02917	C[C@@H](CO)O
C06311	C([C@@H]([C@H]([C@H]([C@@H](COP(=O)(O)O)O)O)O)O)O
C01097	C([C@@H]1[C@@H]([C@@H](C(O1)(CO)O)O)O)OP(=O)(O)O
C00514	C([C@H]([C@H]([C@@H]([C@@H](C(=O)O)O)O)O)O)O
C04778	CC1=CC2=C(C=C1C)N(C=N2)[C@@H]3[C@@H]([C@@H]([C@H](O3)COP(=O)(O)O)O)O
C00184	C(C(=O)CO)O
C06397	C1=NC(=C2C(=N1)N(C=N2)[C@H]3[C@@H]([C@@H]([C@H](O3)COP(=O)(O)OP(=O)(O)O[C@H]4[C@H]([C@H]([C@@H]([C@H](O4)[C@@H](CO)O)O)O)O)O)O)N
C20749	CC(C)(COP(=O)(O)OP(=O)(O)OC[C@@H]1[C@H]([C@H]([C@@H](O1)N2C=NC3=C(N=CN=C32)N)O)OP(=O)(O)O)[C@H](C(=O)NCCC(=O)NCCSC(=O)CCC[N+](C)(C)C)O
C00487	C[N+](C)(C)CC(CC(=O)O)O
C20750	CC(C)(COP(=O)(O)OP(=O)(O)OC[C@@H]1[C@H]([C@H]([C@@H](O1)N2C=NC3=C(N=CN=C32)N)O)OP(=O)(O)O)[C@H](C(=O)NCCC(=O)NCCSC(=O)C[C@H](C[N+](C)(C)C)O)O
C01181	C[N+](C)(C)CCCC(=O)O
C20748	CC(C)(COP(=O)(O)OP(=O)(O)OC[C@@H]1[C@H]([C@H]([C@@H](O1)N2C=NC3=C(N=CN=C32)N)O)OP(=O)(O)O)[C@H](C(=O)NCCC(=O)NCCSC(=O)/C=C/C[N+](C)(C)C)O
C04114	C[N+](C)(C)C/C=C/C(=O)[O-]
C07838	C([C@H]([C@@H]1[C@H]([C@@H]([C@@H]([C@@H](O1)OP(=O)(O)O)O)O)O)O)O
C02191	CC1=C(C2=CC3=NC(=CC4=NC(=CC5=C(C(=C(N5)C=C1N2)C=C)C)C(=C4CCC(=O)O)C)C(=C3C)CCC(=O)O)C=C
C00156	C1=CC(=CC=C1C(=O)O)O
C04146	CC(=CCC/C(=C/CC/C(=C/CC/C(=C/CC/C(=C/CC/C(=C/CC/C(=C/CC/C(=C/COP(=O)(O)OP(=O)(O)O)/C)/C)/C)/C)/C)/C)/C)C
C11811	C/C(=C\COP(=O)(O)OP(=O)(O)O)/CO
C05931	C(CC(=O)O)[C@@H](C(=O)O)NC(=O)CCC(=O)O
C03340	C1C=CC(=N[C@@H]1C(=O)O)C(=O)O
C01094	C([C@@H]1[C@H]([C@@H](C(O1)(COP(=O)(O)O)O)O)O)O
C04346	C[C@@H]1[C@@H]([C@@H]([C@H]([C@H](O1)OP(=O)(O)OP(=O)(O)OC[C@@H]2[C@H](C[C@@H](O2)N3C=C(C(=O)NC3=O)C)O)O)O)N
C03291	C([C@@H]([C@H](C(=O)CO)O)O)OP(=O)(O)O
C04575	C([C@@H]([C@H](C(=O)C(=O)C(=O)O)O)O)O
C00387	C1=NC2=C(N1[C@H]3[C@@H]([C@@H]([C@H](O3)CO)O)O)N=C(NC2=O)N
C11457	C1=CC(=CC(=C1)O)CCC(=O)O
C00441	C(C=O)[C@@H](C(=O)O)N
C16186	C(C([C@@H]1C(=C(C(=O)O1)O)O)O)OP(=O)(O)O
C06257	CC(=O)[C@H]([C@@H](CO)O)O
C05932	C(C[C@@H](C(=O)O)NC(=O)CCC(=O)O)C=O
C00149	C([C@@H](C(=O)O)O)C(=O)O
C01225	C([C@H](COP(=O)(O)OC1[C@@H]([C@H](C([C@H]([C@H]1O)O)O)O)O)O)O
C04030	C1=CC(=C(C(=C1)O)O)C(=O)OP(=O)(O)OC[C@@H]2[C@H]([C@H]([C@@H](O2)N3C=NC4=C(N=CN=C43)N)O)O
C05820	C1=NC(=C2C(=N1)N(C=N2)[C@H]3[C@@H]([C@@H]([C@H](O3)COP(=O)(O)OC(=O)[C@@H](CO)N)O)O)N
C16699	C([C@@H]1[C@H]([C@@H]([C@@H]([C@H](O1)O[C@H](CO)C(=O)O)O)O)O)OP(=O)(O)O
C04257	CC(=O)N[C@H]1[C@H]([C@@H]([C@H](OC1O)COP(=O)(O)O)O)O
C00357	CC(=O)N[C@@H]1[C@H]([C@@H]([C@H](OC1O)COP(=O)(O)O)O)O
C06024	CCCCCCCCCCC[C@H](CC(=O)N[C@@H]1[C@H]([C@@H]([C@H](O[C@@H]1OP(=O)(O)O)CO[C@H]2[C@@H]([C@H]([C@@H]([C@H](O2)CO[C@@]3(C[C@H]([C@H]([C@H](O3)[C@@H](CO)O)O)O)C(=O)O)OP(=O)(O)O)OC(=O)C[C@@H](CCCCCCCCCCC)O)NC(=O)C[C@@H](CCCCCCCCCCC)O)O)OC(=O)C[C@@H](CCCCCCCCCCC)O)O
C12621	C1=CC(=CC(=C1)O)/C=C/C(=O)O
C00033	CC(=O)O
C00084	CC=O
C00645	CC(=O)N[C@H]1[C@H]([C@@H]([C@H](OC1O)CO)O)O
C02713	C[C@H](C(=O)O)O[C@H]1[C@@H]([C@H](OC([C@@H]1NC(=O)C)O)CO)O
C02291	C(CSC[C@@H](C(=O)O)N)[C@@H](C(=O)O)N
C06240	CC(=O)N[C@H]1[C@H]([C@@H]([C@H](O[C@@H]1OP(=O)(O)OP(=O)(O)OC[C@@H]2[C@H]([C@H]([C@@H](O2)N3C=CC(=O)NC3=O)O)O)C(=O)O)O)O
C01289	CC(=CCC/C(=C/CC/C(=C/CC/C(=C\CC/C(=C\CC/C(=C\CC/C(=C\CC/C(=C\CC/C(=C\CC/C(=C\CC/C(=C\COP(=O)(O)OP(=O)(O)O[C@@H]1[C@@H]([C@H]([C@@H]([C@H](O1)CO)O)O)NC(=O)C)/C)/C)/C)/C)/C)/C)/C)/C)/C)/C)C
C00898	[C@@H]([C@H](C(=O)O)O)(C(=O)O)O
C00238	[K+]
C01261	C1=NC2=C(N1[C@H]3[C@@H]([C@@H]([C@H](O3)COP(=O)(O)OP(=O)(O)OP(=O)(O)OP(=O)(O)OC[C@@H]4[C@H]([C@H]([C@@H](O4)N5C=NC6=C5N=C(NC6=O)N)O)O)O)O)N=C(NC2=O)N
C00577	C([C@H](C=O)O)O
C00181	C1[C@H]([C@@H]([C@H](C(O1)O)O)O)O
C00719	C[N+](C)(C)CC(=O)[O-]
C00160	C(C(=O)O)O
C00282	[HH]
C20415	C[C@@H]1[C@@H]([C@@H]([C@H]([C@H](O1)OP(=O)(O)OP(=O)(O)OC[C@@H]2[C@H](C[C@@H](O2)N3C=C(C(=O)NC3=O)C)O)O)O)NC(=O)C
C20497	CC(=CCC/C(=C/CC/C(=C/CC/C(=C\CC/C(=C\CC/C(=C\CC/C(=C\CC/C(=C\CC/C(=C\CC/C(=C\CC/C(=C\COP(=O)(O)OP(=O)(O)O[C@@H]1[C@@H]([C@H]([C@@H]([C@H](O1)CO)O[C@H]2[C@H]([C@H]([C@@H]([C@H](O2)C(=O)O)O)O)NC(=O)C)O)NC(=O)C)/C)/C)/C)/C)/C)/C)/C)/C)/C)/C)C
C01204	C1(C(C(C(C(C1OP(=O)(O)O)OP(=O)(O)O)OP(=O)(O)O)OP(=O)(O)O)OP(=O)(O)O)OP(=O)(O)O
C06701	O[P+](=O)O
C01672	C(CCN)CCN
C00806	C1=CC=C2C(=C1)C(=CN2)CC(C(=O)O)N
C00082	C1=CC(=CC=C1C[C@@H](C(=O)O)N)O
C01762	C1=NC2=C(N1[C@H]3[C@@H]([C@@H]([C@H](O3)CO)O)O)NC(=O)NC2=O
C07836	C([C@H]([C@@H]1[C@H]([C@@H]([C@@H]([C@@H](O1)O)O)O)O)O)OP(=O)(O)O
C01330	[Na+]
C00188	C[C@H]([C@@H](C(=O)O)N)O
C00984	C([C@@H]1[C@@H]([C@@H]([C@H]([C@H](O1)O)O)O)O)O
C00270	CC(=O)N[C@@H]1[C@H](CC(O[C@H]1[C@@H]([C@@H](CO)O)O)(C(=O)O)O)O
C01697	C([C@H]([C@@H]([C@@H]([C@H](CO)O)O)O)O)O
C00329	C([C@@H]1[C@H]([C@@H]([C@H](C(O1)O)N)O)O)O
C00463	C1=CC=C2C(=C1)C=CN2
C11476	C([C@@H]([C@@H]([C@H](C=O)O)O)O)O
C00186	C[C@@H](C(=O)O)O
C00147	C1=NC2=NC=NC(=C2N1)N
C00212	C1=NC(=C2C(=N1)N(C=N2)[C@H]3[C@@H]([C@@H]([C@H](O3)CO)O)O)N
C01551	C1(C(=O)NC(=O)N1)NC(=O)N
C00179	C(CCN=C(N)N)CN
C16438	C(C(C(=O)O)N)C(=O)N
C00031	C([C@@H]1[C@H]([C@@H]([C@H](C(O1)O)O)O)O)O
C00262	C1=NC2=C(N1)C(=O)NC=N2
C00768	C1=C(NC=N1)CC(C(=O)O)N
C01585	CCCCCC(=O)O
C00407	CC[C@H](C)[C@@H](C(=O)O)N
C00818	[C@H]([C@@H]([C@@H](C(=O)O)O)O)([C@H](C(=O)O)O)O
C06423	CCCCCCCC(=O)O
C00256	C[C@H](C(=O)O)O
C00077	C(C[C@@H](C(=O)O)N)CN
C16488	C(CCNCC(=O)[C@H]([C@@H]([C@@H](CO)O)O)O)C[C@@H](C(=O)O)N
C00330	C1[C@@H]([C@H](O[C@H]1N2C=NC3=C2N=C(NC3=O)N)CO)O
C05512	C1[C@@H]([C@H](O[C@H]1N2C=NC3=C2N=CNC3=O)CO)O
C00334	C(CC(=O)O)CN
C00079	C1=CC=C(C=C1)C[C@@H](C(=O)O)N
C00380	C1=C(NC(=O)N=C1)N
C16439	CC(C)CC(C(=O)O)N
C01508	C1[C@@H]([C@H]([C@H](C(O1)O)O)O)O
C00159	C([C@@H]1[C@H]([C@@H]([C@@H](C(O1)O)O)O)O)O
C11143	CS(=O)C
C04751	C1=NC(=C(N1[C@H]2[C@@H]([C@@H]([C@H](O2)COP(=O)(O)O)O)O)N)C(=O)O
C02130	CC(=O)OC[C@@H]1[C@H]([C@@H]([C@H]([C@H](O1)O[C@@H]2[C@H](OC([C@@H]([C@H]2O)O)O)CO)O)O)O
C00497	C([C@H](C(=O)O)O)C(=O)O
C05821	C1[C@@H](C(=O)OC[C@@H](C(=O)OC[C@@H](C(=O)O1)NC(=O)C2=C(C(=CC=C2)O)O)NC(=O)C3=C(C(=CC=C3)O)O)NC(=O)C4=C(C(=CC=C4)O)O
C00088	N(=O)O
C05840	C(C(=N)C(=O)O)C(=O)O
C02353	C1=NC(=C2C(=N1)N(C=N2)[C@H]3[C@H]4[C@@H]([C@H](O3)CO)OP(=O)(O4)O)N
C02354	C1=CN(C(=O)N=C1N)[C@H]2[C@H]3[C@@H]([C@H](O2)CO)OP(=O)(O3)O
C02355	C1=CN(C(=O)NC1=O)[C@H]2[C@H]3[C@@H]([C@H](O2)CO)OP(=O)(O3)O
C06194	C1=NC2=C(N1[C@H]3[C@H]4[C@@H]([C@H](O3)CO)OP(=O)(O4)O)N=C(NC2=O)N
C00565	CN(C)C
C01104	C[N+](C)(C)[O-]
C00864	CC(C)(CO)[C@H](C(=O)NCCC(=O)O)O
C01847	CC1=CC2=C(C=C1C)N(C3=C(N2)C(=O)NC(=O)N3)C[C@@H]([C@@H]([C@@H](COP(=O)(O)O)O)O)O
C14179	C(C(=O)O)S(=O)(=O)O
C00086	C(=O)(N)N
C16436	CC(C)C(C(=O)O)N
C00385	C1=NC2=C(N1)C(=O)NC(=O)N2
C05629	C1=CC=C(C=C1)CCC(=O)O
C00962	C([C@@H]1[C@@H]([C@@H]([C@H]([C@@H](O1)O)O)O)O)O
C06026	CCCCCCCCCCCCCC(=O)O[C@H](CCCCCCCCCCC)CC(=O)O[C@@H]1[C@H]([C@@H](O[C@@H]([C@H]1OP(=O)(O)O)CO[C@@]2(C[C@H]([C@H]([C@H](O2)[C@@H](CO)O)O)O[C@@]3(C[C@H]([C@H]([C@H](O3)[C@@H](CO)O)O)O)C(=O)O)C(=O)O)OC[C@@H]4[C@H]([C@@H]([C@H]([C@H](O4)OP(=O)(O)O)NC(=O)C[C@@H](CCCCCCCCCCC)O)OC(=O)C[C@@H](CCCCCCCCCCC)O)O)NC(=O)C[C@@H](CCCCCCCCCCC)OC(=O)CCCCCCCCCCC
C15700	C(CC=O)CNC(=O)CC[C@@H](C(=O)O)N
C14819	[Fe+3]
C00703	[Hg+2]
C00740	C([C@H](C(=O)O)N)O
C00533	[N]=O
C00887	[N-]=[N+]=O
C15025	C[N+](C)(C)C[C@H](CC(=O)[O-])O
C05332	C1=CC=C(C=C1)CCN
C18060	CC(=O)N[C@@H]1[C@H]([C@H]([C@H](O[C@@H]1OP(=O)(O)O)CO)O)O
C01132	CC(=O)N[C@@H]1[C@H]([C@H]([C@H](OC1O)CO)O)O
C05385	[C@@H]1([C@@H]([C@H](O[C@@H]([C@@H]1O)OP(=O)(O)O)C(=O)O)O)O
C05123	C(CS(=O)(=O)O)O
C04256	CC(=O)N[C@@H]1[C@H]([C@@H]([C@H](OC1OP(=O)(O)O)CO)O)O
C00094	OS(=O)O
C01755	C(#N)S
C00108	C1=CC=C(C(=C1)C(=O)O)N
C02989	CS(=O)CC[C@@H](C(=O)O)N
C15998	C[S@@](=O)CC[C@@H](C(=O)O)N
C11145	CS(=O)(=O)O
C00059	OS(=O)(=O)O
C03758	C1=CC(=C(C=C1CCN)O)O
C03765	C1=CC(=CC=C1CC=O)O
C00315	C(CCNCCCN)CN
C00189	C(CO)N
C07597	CC(=O)N(CCCCCNC(=O)CCC(=O)N(CCCCCNC(=O)CCC(=O)N(CCCCCN)O)O)O.[Fe]
C01007	CC1=CC2=C(C=C1C)N(C3=C(N2)C(=O)NC(=O)N3)C[C@@H]([C@@H]([C@@H](CO)O)O)O
C00089	C([C@@H]1[C@H]([C@@H]([C@H]([C@H](O1)O[C@]2([C@H]([C@@H]([C@H](O2)CO)O)O)CO)O)O)O)O
C01413	[Cd]
C00493	C1[C@H]([C@@H]([C@@H](C=C1C(=O)O)O)O)O
C02979	C(C(CO)OP(=O)(O)O)O
C06501	C1=CC(=CC=C1C[C@@H](C(=O)O)N)OP(=O)(O)O
C01151	C([C@@H]1[C@H]([C@H]([C@H](O1)OP(=O)(O)O)O)O)OP(=O)(O)O
C00140	CC(=O)N[C@@H]1[C@H]([C@@H]([C@H](OC1O)CO)O)O
C00855	CSCC[C@H](C(=O)O)N
C00618	C([C@@H]([C@H](C(=O)[C@@H](C(=O)O)O)O)O)O
C01733	CSCCC(C(=O)O)N
C00244	[N+](=O)(O)[O-]
C00148	C1C[C@H](NC1)C(=O)O
C00392	C([C@H]([C@H]([C@@H]([C@@H](CO)O)O)O)O)O
C00712	CCCCCCCC/C=C\CCCCCCCC(=O)O
C06196	C1[C@@H]([C@H](O[C@H]1N2C=NC3=C2N=CNC3=O)COP(=O)(O)O)O
C06232	O[Mo](=O)(=O)O
C19609	[Ni+2]
C06697	[O-][As]([O-])[O-]
C00099	C(CN)C(=O)O
C11544	C([C@@H]1[C@H]([C@@H]([C@@H]([C@H](O1)O[C@H](CO)C(=O)O)O)O)O)O
C20364	C([C@H]([C@@H]1C(=C(C(=O)O1)O)O)O)O
C00070	[Cu]
C00175	[Co+2]
C00305	[Mg+2]
C03172	C[S+](C)CC[C@@H](C(=O)O)N
C00038	[Zn+2]
C00937	C[C@H](C=O)O
C00580	CSC
C02341	C(/C(=C\C(=O)O)/C(=O)O)C(=O)O
C00019	C[S+](CC[C@@H](C(=O)[O-])N)C[C@@H]1[C@H]([C@H]([C@@H](O1)N2C=NC3=C(N=CN=C32)N)O)O
C00736	C(C(C(=O)O)N)S
C01528	[SeH2]
C00469	CCO
C16831	CC1=C(C2=CC=CC=C2N1)C[C@@H](C(=O)O)N
C05519	C[C@@H]([C@@H](C(=O)O)N)O
C00283	S
C03296	C(C[C@@H](C(=O)O)NC(=O)CCC(=O)O)CN=C(N)N
C00483	C1=CC(=CC=C1CCN)O
C00055	C1=CN(C(=O)N=C1N)[C@H]2[C@@H]([C@@H]([C@H](O2)COP(=O)(O)O)O)O
C16155	C1C(=O)[C@@H]([C@H]([C@H](O1)OP(=O)(O)OP(=O)(O)OC[C@@H]2[C@H]([C@H]([C@@H](O2)N3C=CC(=O)NC3=O)O)O)O)O
C16153	C1[C@@H]([C@@H]([C@H]([C@H](O1)OP(=O)(O)OP(=O)(O)OC[C@@H]2[C@H]([C@H]([C@@H](O2)N3C=CC(=O)NC3=O)O)O)O)O)N
C16154	C1[C@@H]([C@@H]([C@H]([C@H](O1)OP(=O)(O)OP(=O)(O)OC[C@@H]2[C@H]([C@H]([C@@H](O2)N3C=CC(=O)NC3=O)O)O)O)O)NC=O
C06398	C1=NC(=C2C(=N1)N(C=N2)[C@H]3[C@@H]([C@@H]([C@H](O3)COP(=O)(O)OP(=O)(O)O[C@H]4[C@H]([C@H]([C@@H]([C@H](O4)[C@H](CO)O)O)O)O)O)O)N
C00067	C=O
C02655	CC(=O)OC[C@@H]1[C@H]([C@@H]([C@H]([C@@H](O1)O)O)O)O
C00698	[Cl-]
C03274	C(C(COP(=O)(O)OCC(CO)O)O)O
C01233	C(COP(=O)(O)OC[C@@H](CO)O)N
C00670	C[N+](C)(C)CCOP(=O)(O)OC[C@@H](CO)O
C19610	[Mn+2]
C00479	CCC=O
C09306	O=S=O
C00979	CC(=O)OC[C@@H](C(=O)O)N
C01222	C[C@@H]1C(=O)[C@@H]([C@@H]([C@H](O1)OP(=O)(O)OP(=O)(O)OC[C@@H]2[C@H]([C@H]([C@@H](O2)N3C=NC4=C3N=C(NC4=O)N)O)O)O)O
C01944	CCCCCCCC(=O)SCCNC(=O)CCNC(=O)[C@@H](C(C)(C)COP(=O)(O)OP(=O)(O)OC[C@@H]1[C@H]([C@H]([C@@H](O1)N2C=NC3=C(N=CN=C32)N)O)OP(=O)(O)O)O
C21057	C1[C@H]([C@H]([C@H](C(O1)O)O)O)O
C00312	C1[C@@H]([C@H](C(O1)(CO)O)O)O
C04043	C1=CC(=C(C=C1CC=O)O)O
C06393	C(C(C(=O)O)N)N
C00882	CC(C)(COP(=O)(O)OP(=O)(O)OC[C@@H]1[C@H]([C@H]([C@@H](O1)N2C=NC3=C(N=CN=C32)N)O)O)[C@H](C(=O)NCCC(=O)NCCS)O
C00794	C([C@H]([C@H]([C@@H]([C@H](CO)O)O)O)O)O
C06369	C1[C@H]([C@@H]([C@H](OC1O)COP(=O)(O)O)O)O
C05198	C[C@@H]1[C@H]([C@H]([C@@H](O1)N2C=NC3=C(N=CN=C32)N)O)O
C06025	CCCCCCCCCCC[C@H](CC(=O)N[C@@H]1[C@H]([C@@H]([C@H](O[C@@H]1OP(=O)(O)O)CO[C@H]2[C@@H]([C@H]([C@@H]([C@H](O2)CO[C@@]3(C[C@H]([C@H]([C@H](O3)[C@@H](CO)O)O)O[C@@]4(C[C@H]([C@H]([C@H](O4)[C@@H](CO)O)O)O)C(=O)O)C(=O)O)OP(=O)(O)O)OC(=O)C[C@@H](CCCCCCCCCCC)O)NC(=O)C[C@@H](CCCCCCCCCCC)O)O)OC(=O)C[C@@H](CCCCCCCCCCC)O)O
C03657	C1=CC=C2C(=C1)C(=CC(=C2O)C(=O)O)O
C05235	CC(=O)CO
C00352	C([C@@H]1[C@H]([C@@H]([C@H](C(O1)O)N)O)O)OP(=O)(O)O
C00076	[Ca+2]
C02912	C[C@H](CO)O
C21484	CCCCCCCCCCCCCCCCCC(=O)OC[C@H](COP(=O)(O)OCCN)O
C04246	C/C=C/C(=O)S
C01419	C([C@@H](C(=O)NCC(=O)O)N)S
C00127	C(CC(=O)N[C@@H](CSSC[C@@H](C(=O)NCC(=O)O)NC(=O)CC[C@@H](C(=O)O)N)C(=O)NCC(=O)O)[C@@H](C(=O)O)N
C00412	CCCCCCCCCCCCCCCCCC(=O)SCCNC(=O)CCNC(=O)[C@@H](C(C)(C)COP(=O)(O)OP(=O)(O)OC[C@@H]1[C@H]([C@H]([C@@H](O1)N2C=NC3=C(N=CN=C32)N)O)OP(=O)(O)O)O
C15930	C([C@@H]([C@H]([C@H]([C@@H](C(=O)O)O)O)O)O)O
C00295	C1=C(NC(=O)NC1=O)C(=O)O
C20679	O[W](=O)(=O)O
C03089	CSC[C@@H]1[C@H]([C@H](C(O1)O)O)O
C00178	CC1=CNC(=O)NC1=O
C16216	CCCCCCCCCCCCCCCC(=O)CC(=O)SCCNC(=O)CCNC(=O)[C@@H](C(C)(C)COP(=O)(O)OP(=O)(O)OC[C@@H]1[C@H]([C@H]([C@@H](O1)N2C=NC3=C(N=CN=C32)N)O)OP(=O)(O)O)O
C00154	CCCCCCCCCCCCCCCC(=O)SCCNC(=O)CCNC(=O)[C@@H](C(C)(C)COP(=O)(O)OP(=O)(O)OC[C@@H]1[C@H]([C@H]([C@@H](O1)N2C=NC3=C(N=CN=C32)N)O)OP(=O)(O)O)O
C20253	C(=C\N)\C(=O)O
C18076	C1=NC2=C(N1[C@H]3[C@@H]([C@@H]([C@H](O3)COP(=O)(O)O[C@@H]4[C@H](O[C@H]([C@@H]4O)N5C=NC6=C5N=C(NC6=O)N)COP(=O)(O)O)O)O)N=C(NC2=O)N
C01013	C(CO)C(=O)O
C07225	CN(C)[C@H]1[C@@H]2C[C@@H]3CC4=C(C=CC(=C4C(=C3C(=O)[C@@]2(C(=C(C1=O)C(=O)N)O)O)O)O)N(C)C
C01661	C[C@H]1[C@H]([C@H](C[C@@H](O1)O[C@H]2C[C@@](CC3=C2C(=C4C(=C3O)C(=O)C5=C(C4=O)C(=CC=C5)OC)O)(C(=O)CO)O)N)O
C20248	C1=C(C2=C(N1)N=C(NC2=O)N)C(=O)O
C05697	O[Se](=O)(=O)O
C19975	CC(C)(COP(=O)(O)OP(=O)(O)OC[C@@H]1[C@H]([C@H]([C@@H](O1)N2C=NC3=C(N=CN=C32)N)O)OP(=O)(O)O)[C@H](C(=O)NCCC(=O)NCCSC(=O)/C=C\4/CC=CC=CO4)O
C00132	CO
C06570	C[C@@]1([C@H]2C[C@H]3[C@@H](C(=O)C(=C([C@]3(C(=O)C2=C(C4=C1C=CC=C4O)O)O)O)C(=O)N)N(C)C)O
C00918	C1=CC(=CC=C1[C@H]([C@@H](CO)NC(=O)C(Cl)Cl)O)[N+](=O)[O-]
C05684	[O-][Se](=O)[O-]
C16238	C1CSS[C@@H]1CCCCC(=O)OP(=O)(O)OC[C@@H]2[C@H]([C@H]([C@@H](O2)N3C=NC4=C(N=CN=C43)N)O)O
C00091	CC(C)(COP(=O)(O)OP(=O)(O)OC[C@@H]1[C@H]([C@H]([C@@H](O1)N2C=NC3=C(N=CN=C32)N)O)OP(=O)(O)O)[C@H](C(=O)NCCC(=O)NCCSC(=O)CCC(=O)O)O
C19848	C1=NC(=C2C(=N1)N(C=N2)[C@H]3[C@@H]([C@@H]([C@H](O3)COP(=O)(O)OP(=O)(O)OC[C@@H]4C(=C([C@H]5[C@@H](O4)NC6=C(N5)C(=O)NC(=N6)N)S)S)O)O)N
C02107	[C@H]([C@@H](C(=O)O)O)(C(=O)O)O
C00120	C1[C@H]2[C@@H]([C@@H](S1)CCCCC(=O)O)NC(=O)N2
C06186	C1=CC(=CC=C1O)O[C@H]2[C@@H]([C@H]([C@@H]([C@H](O2)CO)O)O)O
C00499	C(C(=O)O)(NC(=O)N)NC(=O)N
C20249	C(=C\N)\C(=O)OO
C00250	CC1=NC=C(C(=C1O)C=O)CO
C00877	C/C=C/C(=O)SCCNC(=O)CCNC(=O)[C@@H](C(C)(C)COP(=O)(O)OP(=O)(O)OC[C@@H]1[C@H]([C@H]([C@@H](O1)N2C=NC3=C(N=CN=C32)N)O)OP(=O)(O)O)O
C06230	C1[C@@H](C(=O)OC[C@@H](C(=O)OC[C@@H](C(=O)O1)NC(=O)C2=C(C(=CC=C2)[O-])[O-])NC(=O)C3=C(C(=CC=C3)[O-])[O-])NC(=O)C4=C(C(=CC=C4)[O-])[O-].[Fe+3]
C05812	CC(=CCC/C(=C/CC/C(=C/CC/C(=C/CC/C(=C/CC/C(=C/CC/C(=C/CC/C(=C/CC1=C(C(=CC=C1)OC)O)/C)/C)/C)/C)/C)/C)/C)C
C00969	C(CO)C=O
C02457	C(CO)CO
C21382	C[C@@]1(C([C@H](CO1)O)(O)O)O
C11838	CC(=O)C(=O)[C@H](CO)O
C03196	C(CC(=O)O)[C@@H](C(=O)O)O
C00185	C([C@@H]1[C@H]([C@@H]([C@H]([C@@H](O1)O[C@@H]2[C@H](OC([C@@H]([C@H]2O)O)O)CO)O)O)O)O
C00695	C[C@H](CCC(=O)O)[C@H]1CC[C@@H]2[C@@]1([C@H](C[C@H]3[C@H]2[C@@H](C[C@H]4[C@@]3(CC[C@H](C4)O)C)O)O)C
C00582	CC(C)(COP(=O)(O)OP(=O)(O)OC[C@@H]1[C@H]([C@H]([C@@H](O1)N2C=NC3=C(N=CN=C32)N)O)OP(=O)(O)O)[C@H](C(=O)NCCC(=O)NCCSC(=O)CC4=CC=CC=C4)O
C00491	C([C@@H](C(=O)O)N)SSC[C@@H](C(=O)O)N
C03160	CC(C)(COP(=O)(O)OP(=O)(O)OC[C@@H]1[C@H]([C@H]([C@@H](O1)N2C=NC3=C(N=CN=C32)N)O)OP(=O)(O)O)[C@H](C(=O)NCCC(=O)NCCSC(=O)CCC(=O)C4=CC=CC=C4C(=O)O)O
C21152	CC(=O)N[C@@H]1[C@H]([C@@H]([C@H](O[C@H]1O[C@@H]2[C@H](OC([C@@H]([C@H]2O)NC(=O)C)O)CO)COP(=O)(O)O)O)O
C00586	C1[C@H]([C@@H]([C@H](OC1O)CO)O)O
C00366	C12=C(NC(=O)N1)NC(=O)NC2=O
C06229	C(C(=O)[O-])C(CC(=O)[O-])(C(=O)[O-])O.C(C(=O)[O-])C(CC(=O)[O-])(C(=O)[O-])O.[Fe+3]
C06056	C([C@H]([C@@H](C(=O)O)N)O)O
C00296	C1[C@H](C([C@@H](CC1(C(=O)O)O)O)O)O
C00254	C1=CC(C=CC1O)(CC(=O)C(=O)O)C(=O)O
C06694	C[C@H]1[C@@H]2CC[C@]3([C@H]([C@]2(CC[C@H]1O)C)[C@@H](C[C@@H]\4[C@@]3(C[C@@H](/C4=C(/CCC=C(C)C)\C(=O)O)OC(=O)C)C)O)C
C05810	CC(=CCC/C(=C/CC/C(=C/CC/C(=C/CC/C(=C/CC/C(=C/CC/C(=C/CC/C(=C/CC1=CC=CC=C1O)/C)/C)/C)/C)/C)/C)/C)C
C19945	CC(C)(COP(=O)(O)OP(=O)(O)OC[C@@H]1[C@H]([C@H]([C@@H](O1)N2C=NC3=C(N=CN=C32)N)O)OP(=O)(O)O)[C@H](C(=O)NCCC(=O)NCCSC(=O)CC(=O)C/C=C\CC(=O)O)O
