kegg_id	smiles
C00080	[H+]
C00288	C(=O)(O)[O-]
C00221	C([C@@H]1[C@H]([C@@H]([C@H]([C@@H](O1)O)O)O)O)O
C00984	C([C@@H]1[C@@H]([C@@H]([C@H]([C@H](O1)O)O)O)O)O
C00194	CC1=CC2=C(C=C1C)N(C=N2)[C@@H]3[C@@H]([C@@H]([C@H](O3)CO)OP(=O)([O-])O[C@H](C)CNC(=O)CC[C@@]\4([C@H](C5[C@]6([C@@]([C@@H](C(=N6)/C(=C\7/[C@@]([C@@H](C(=N7)/C=C\8/C([C@@H](C(=N8)/C(=C4\[N-]5)/C)CCC(=O)N)(C)C)CCC(=O)N)(C)CC(=O)N)/C)CCC(=O)N)(C)CC(=O)N)C)CC(=O)N)C)O.[CH2-][C@@H]1[C@H]([C@H]([C@@H](O1)N2C=NC3=C(N=CN=C32)N)O)O.[Co+3]
C00536	OP(=O)(O)OP(=O)(O)OP(=O)(O)O
C00111	C(C(=O)COP(=O)(O)O)O
C00008	C1=NC(=C2C(=N1)N(C=N2)[C@H]3[C@@H]([C@@H]([C@H](O3)COP(=O)(O)OP(=O)(O)O)O)O)N
C00015	C1=CN(C(=O)NC1=O)[C@H]2[C@@H]([C@@H]([C@H](O2)COP(=O)(O)OP(=O)(O)O)O)O
C00705	C1[C@@H]([C@H](O[C@H]1N2C=CC(=NC2=O)N)COP(=O)(O)OP(=O)(O)O)O
C00112	C1=CN(C(=O)N=C1N)[C@H]2[C@@H]([C@@H]([C@H](O2)COP(=O)(O)OP(=O)(O)O)O)O
C00035	C1=NC2=C(N1[C@H]3[C@@H]([C@@H]([C@H](O3)COP(=O)(O)OP(=O)(O)O)O)O)N=C(NC2=O)N
C00206	C1[C@@H]([C@H](O[C@H]1N2C=NC3=C(N=CN=C32)N)COP(=O)(O)OP(=O)(O)O)O
C00361	C1[C@@H]([C@H](O[C@H]1N2C=NC3=C2N=C(NC3=O)N)COP(=O)(O)OP(=O)(O)O)O
C00103	C([C@@H]1[C@H]([C@@H]([C@H]([C@H](O1)OP(=O)(O)O)O)O)O)O
C00092	C([C@@H]1[C@H]([C@@H]([C@H](C(O1)O)O)O)O)OP(=O)(O)O
C15613	C[C@H](CCC[C@@H](C)C(=O)SCCNC(=O)CCNC(=O)[C@@H](C(C)(C)COP(=O)(O)OP(=O)(O)OC[C@@H]1[C@H]([C@H]([C@@H](O1)N2C=NC3=C(N=CN=C32)N)O)OP(=O)(O)O)O)[C@H]4CC[C@@H]5[C@@]4([C@H](C[C@H]6[C@H]5[C@@H](C[C@H]7[C@@]6(CC[C@H](C7)O)C)O)O)C
C04644	CC(CCCC(C)C(=O)SCCNC(=O)CCNC(=O)C(C(C)(C)COP(=O)(O)OP(=O)(O)OC[C@@H]1[C@H]([C@H]([C@@H](O1)N2C=NC3=C(N=CN=C32)N)O)OP(=O)(O)O)O)C4CCC5[C@@]4(CCC6C5[C@@H](C[C@H]7[C@@]6(CC[C@H](C7)O)C)O)C
C17346	C[C@H](CCC[C@H](C)C(=O)SCCNC(=O)CCNC(=O)[C@@H](C(C)(C)COP(=O)(O)OP(=O)(O)OC[C@@H]1[C@H]([C@H]([C@@H](O1)N2C=NC3=C(N=CN=C32)N)O)OP(=O)(O)O)O)[C@H]4CC[C@@H]5[C@@]4(CC[C@H]6[C@H]5[C@@H](C[C@H]7[C@@]6(CC[C@H](C7)O)C)O)C
C00007	O=O
C00362	C1[C@@H]([C@H](O[C@H]1N2C=NC3=C2N=C(NC3=O)N)COP(=O)(O)O)O
C02336	C([C@@H]1[C@H]([C@@H]([C@](O1)(CO)O)O)O)O
C00081	C1=NC2=C(C(=O)N1)N=CN2[C@H]3[C@@H]([C@@H]([C@H](O3)COP(=O)(O)OP(=O)(O)OP(=O)(O)O)O)O
C00131	C1[C@@H]([C@H](O[C@H]1N2C=NC3=C(N=CN=C32)N)COP(=O)(O)OP(=O)(O)OP(=O)(O)O)O
C00159	C([C@@H]1[C@H]([C@@H]([C@@H](C(O1)O)O)O)O)O
C00329	C([C@@H]1[C@H]([C@@H]([C@H](C(O1)O)N)O)O)O
C01352	CC1=CC2=C(C=C1C)N(C3=C(N2)C(=O)NC(=O)N3)C[C@@H]([C@@H]([C@@H](COP(=O)(O)OP(=O)(O)OC[C@@H]4[C@H]([C@H]([C@@H](O4)N5C=NC6=C(N=CN=C65)N)O)O)O)O)O
C03460	CC(=C)C(=O)SCCNC(=O)CCNC(=O)[C@@H](C(C)(C)COP(=O)(O)OP(=O)(O)OC[C@@H]1[C@H]([C@H]([C@@H](O1)N2C=NC3=C(N=CN=C32)N)O)OP(=O)(O)O)O
C03345	C/C=C(\C)/C(=O)SCCNC(=O)CCNC(=O)[C@@H](C(C)(C)COP(=O)(O)OP(=O)(O)OC[C@@H]1[C@H]([C@H]([C@@H](O1)N2C=NC3=C(N=CN=C32)N)O)OP(=O)(O)O)O
C06001	C[C@@H](CO)C(=O)O
C04405	C[C@@H]([C@H](C)O)C(=O)SCCNC(=O)CCNC(=O)[C@@H](C(C)(C)COP(=O)(O)OP(=O)(O)OC[C@@H]1[C@H]([C@H]([C@@H](O1)N2C=NC3=C(N=CN=C32)N)O)OP(=O)(O)O)O
C00029	C1=CN(C(=O)NC1=O)[C@H]2[C@@H]([C@@H]([C@H](O2)COP(=O)(O)OP(=O)(O)O[C@@H]3[C@@H]([C@H]([C@@H]([C@H](O3)CO)O)O)O)O)O
C02097	CC1=CN(C(=O)NC1=O)[C@H]2C[C@@H]([C@H](O2)COP(=O)(O)OP(=O)(O)O[C@@H]3[C@@H]([C@H]([C@H]([C@H](O3)CO)O)O)O)O
C00842	CC1=CN(C(=O)NC1=O)[C@H]2C[C@@H]([C@H](O2)COP(=O)(O)OP(=O)(O)O[C@@H]3[C@@H]([C@H]([C@@H]([C@H](O3)CO)O)O)O)O
C00001	O
C03413	CC(=O)NCCCNCCCCNCCCNC(=O)C
C00155	C(CS)[C@@H](C(=O)O)N
C15522	C[C@@H]([C@@H]([C@H]1CN=C2[C@@](N1)(C(=O)NC(=N2)N)O)O)O
C02953	C[C@@H]([C@@H](C1=NC2=C(NC1)N=C(NC2=O)N)O)O
C00364	CC1=CN(C(=O)NC1=O)[C@H]2C[C@@H]([C@H](O2)COP(=O)(O)O)O
C00469	CCO
C00800	C([C@@H]([C@H]([C@@H]([C@@H](C(=O)O)O)O)O)O)O
C00116	C(C(CO)O)O
C02714	CC(=O)NCCCCN
C05127	CN1C=C(N=C1)CCN
C05636	C1=CC(=C(C(=C1)O)N)C(=O)CCN
C05638	C1=CC(=C(C=C1O)C(=O)CCN)N
C00788	CNC[C@@H](C1=CC(=C(C=C1)O)O)O
C05588	CNC[C@@H](C1=CC(=C(C=C1)O)OC)O
C05589	COC1=C(C=CC(=C1)[C@H](CN)O)O
C00547	C1=CC(=C(C=C1[C@H](CN)O)O)O
C05587	COC1=C(C=CC(=C1)CCN)O
C02356	CC[C@@H](C(=O)O)N
C01879	C1CC(=O)N[C@@H]1C(=O)O
C00051	C(CC(=O)N[C@@H](CS)C(=O)NCC(=O)O)[C@@H](C(=O)O)N
C00669	C(CC(=O)N[C@@H](CS)C(=O)O)[C@@H](C(=O)O)N
C00052	C1=CN(C(=O)NC1=O)C2[C@@H]([C@@H]([C@H](O2)COP(=O)(O)OP(=O)(O)O[C@@H]3[C@@H]([C@H]([C@H]([C@H](O3)CO)O)O)O)O)O
C00446	C([C@@H]1[C@@H]([C@@H]([C@H]([C@H](O1)OP(=O)(O)O)O)O)O)O
C03384	C([C@@H]1[C@@H]([C@@H]([C@H](C(O1)OP(=O)(O)O)O)O)O)O
C00075	C1=CN(C(=O)NC1=O)[C@H]2[C@@H]([C@@H]([C@H](O2)COP(=O)(O)OP(=O)(O)OP(=O)(O)O)O)O
C01097	C([C@@H]1[C@@H]([C@@H](C(O1)(CO)O)O)O)OP(=O)(O)O
C02154	C(C(C=O)O)O
C00266	C(C=O)O
C04925	CCCCCCCCCCCCC/C=C/[C@H]([C@H](CO[C@H]1[C@@H]([C@H]([C@@H]([C@H](O1)CO)O[C@H]2[C@@H]([C@H]([C@H]([C@H](O2)CO)O[C@@H]3[C@@H]([C@H]([C@H]([C@H](O3)CO)O)O[C@H]4[C@@H]([C@H]([C@H]([C@H](O4)CO)O)O[C@@H]5[C@@H]([C@H]([C@H]([C@H](O5)CO)O)O)NC(=O)C)NC(=O)C)O)O)O)O)O)NC=O)O
C04554	C[C@H](CCCC(C)C(=O)O)C1CCC2[C@@]1(CCC3C2[C@@H](C[C@H]4[C@@]3(CC[C@H](C4)O)C)O)C
C03069	CC(=CC(=O)SCCNC(=O)CCNC(=O)[C@@H](C(C)(C)COP(=O)(O)OP(=O)(O)OC[C@@H]1[C@H]([C@H]([C@@H](O1)N2C=NC3=C(N=CN=C32)N)O)OP(=O)(O)O)O)C
C01595	CCCCC/C=C\C/C=C\CCCCCCCC(=O)O
C04805	CCCCC/C=C\C/C=C\C/C=C\C=C\[C@H](CCCC(=O)O)O
C05966	CCCCC[C@@H](/C=C/C=C\C/C=C\C/C=C\CCCC(=O)O)OO
C05965	CCCCC/C=C\C[C@@H](/C=C/C=C\C/C=C\CCCC(=O)O)OO
C00909	CCCCC/C=C\C/C=C\C=C\C=C\[C@H]1[C@@H](O1)CCCC(=O)O
C00005	C1C=CN(C=C1C(=O)N)[C@H]2[C@@H]([C@@H]([C@H](O2)COP(=O)(O)OP(=O)(O)OC[C@@H]3[C@H]([C@H]([C@@H](O3)N4C=NC5=C(N=CN=C54)N)OP(=O)(O)O)O)O)O
C03242	CCCCC/C=C\C/C=C\C/C=C\CCCCCCC(=O)O
C00130	C1=NC2=C(C(=O)N1)N=CN2[C@H]3[C@@H]([C@@H]([C@H](O3)COP(=O)(O)O)O)O
C01346	C1[C@@H]([C@H](O[C@H]1N2C=CC(=O)NC2=O)COP(=O)(O)OP(=O)(O)O)O
C00279	C([C@H]([C@H](C=O)O)O)OP(=O)(O)O
C04409	C(=C\C(=C(/C(=O)O)\N)\C(=O)O)\C=O
C00010	CC(C)(COP(=O)(O)OP(=O)(O)OC[C@@H]1[C@H]([C@H]([C@@H](O1)N2C=NC3=C(N=CN=C32)N)O)OP(=O)(O)O)[C@H](C(=O)NCCC(=O)NCCS)O
C00166	C1=CC=C(C=C1)CC(=O)C(=O)O
C00067	C=O
C00213	CNCC(=O)O
C01026	CN(C)CC(=O)O
C00021	C1=NC(=C2C(=N1)N(C=N2)[C@H]3[C@@H]([C@@H]([C@H](O3)CSCC[C@@H](C(=O)O)N)O)O)N
C00100	CCC(=O)SCCNC(=O)CCNC(=O)[C@@H](C(C)(C)COP(=O)(O)OP(=O)(O)OC[C@@H]1[C@H]([C@H]([C@@H](O1)N2C=NC3=C(N=CN=C32)N)O)OP(=O)(O)O)O
C05950	C(CCC(=O)O)C/C=C\C[C@H](/C=C/C=C/C=C\[C@H](CCCC(=O)O)O)O
C04722	C[C@H](CCCC(C)C(=O)O)C1CCC2[C@@]1([C@H](CC3C2[C@@H](C[C@H]4[C@@]3(CC[C@H](C4)O)C)O)O)C
C00696	CCCCC[C@@H](/C=C/[C@@H]1[C@H]([C@H](CC1=O)O)C/C=C\CCCC(=O)O)O
C03758	C1=CC(=C(C=C1CCN)O)O
C00053	C1=NC(=C2C(=N1)N(C=N2)[C@H]3[C@@H]([C@@H]([C@H](O3)COP(=O)(O)OS(=O)(=O)O)OP(=O)(O)O)O)N
C02465	C1=CC(=C(C=C1OC2=C(C=C(C=C2I)C[C@@H](C(=O)O)N)I)I)O
C00483	C1=CC(=CC=C1CCN)O
C00870	C1=CC(=CC=C1[N+](=O)[O-])O
C05335	C[Se]CC[C@@H](C(=O)O)N
C00026	C(CC(=O)O)C(=O)C(=O)O
C01181	C[N+](C)(C)CCCC(=O)O
C06428	CC/C=C\C/C=C\C/C=C\C/C=C\C/C=C\CCCC(=O)O
C00016	CC1=CC2=C(C=C1C)N(C3=NC(=O)NC(=O)C3=N2)C[C@@H]([C@@H]([C@@H](COP(=O)(O)OP(=O)(O)OC[C@@H]4[C@H]([C@H]([C@@H](O4)N5C=NC6=C(N=CN=C65)N)O)O)O)O)O
C00154	CCCCCCCCCCCCCCCC(=O)SCCNC(=O)CCNC(=O)[C@@H](C(C)(C)COP(=O)(O)OP(=O)(O)OC[C@@H]1[C@H]([C@H]([C@@H](O1)N2C=NC3=C(N=CN=C32)N)O)OP(=O)(O)O)O
C01944	CCCCCCCC(=O)SCCNC(=O)CCNC(=O)[C@@H](C(C)(C)COP(=O)(O)OP(=O)(O)OC[C@@H]1[C@H]([C@H]([C@@H](O1)N2C=NC3=C(N=CN=C32)N)O)OP(=O)(O)O)O
C01832	CCCCCCCCCCCC(=O)SCCNC(=O)CCNC(=O)[C@@H](C(C)(C)COP(=O)(O)OP(=O)(O)OC[C@@H]1[C@H]([C@H]([C@@H](O1)N2C=NC3=C(N=CN=C32)N)O)OP(=O)(O)O)O
C02593	CCCCCCCCCCCCCC(=O)SCCNC(=O)CCNC(=O)[C@@H](C(C)(C)COP(=O)(O)OP(=O)(O)OC[C@@H]1[C@H]([C@H]([C@@H](O1)N2C=NC3=C(N=CN=C32)N)O)OP(=O)(O)O)O
C05274	CCCCCCCCCC(=O)SCCNC(=O)CCNC(=O)[C@@H](C(C)(C)COP(=O)(O)OP(=O)(O)OC[C@@H]1[C@H]([C@H]([C@@H](O1)N2C=NC3=C(N=CN=C32)N)O)OP(=O)(O)O)O
C05270	CCCCCC(=O)SCCNC(=O)CCNC(=O)[C@@H](C(C)(C)COP(=O)(O)OP(=O)(O)OC[C@@H]1[C@H]([C@H]([C@@H](O1)N2C=NC3=C(N=CN=C32)N)O)OP(=O)(O)O)O
C00019	C[S+](CC[C@@H](C(=O)[O-])N)C[C@@H]1[C@H]([C@H]([C@@H](O1)N2C=NC3=C(N=CN=C32)N)O)O
C00101	C1[C@@H](NC2=C(N1)N=C(NC2=O)N)CNC3=CC=C(C=C3)C(=O)N[C@@H](CCC(=O)O)C(=O)O
C00003	C1=CC(=C[N+](=C1)[C@H]2[C@@H]([C@@H]([C@H](O2)COP(=O)(O)OP(=O)(O)OC[C@@H]3[C@H]([C@H]([C@@H](O3)N4C=NC5=C(N=CN=C54)N)O)O)O)O)C(=O)N
C01953	CC(=O)[C@H]1CC[C@@H]2[C@@]1(CC[C@H]3[C@H]2CC=C4[C@@]3(CC[C@@H](C4)O)C)C
C05138	CC(=O)[C@]1(CCC2[C@@]1(CC[C@H]3[C@H]2CC=C4[C@@]3(CC[C@@H](C4)O)C)C)O
C05139	C[C@]12CC[C@@H](CC1=CC[C@@H]3[C@@H]2CC[C@]4([C@H]3C[C@H](C4=O)O)C)O
C05500	CC(C)CCC[C@@](C)([C@H]1CC[C@@H]2[C@@]1(CC[C@H]3[C@H]2CC=C4[C@@]3(CC[C@@H](C4)O)C)C)O
C05455	C[C@H](CCCC(C)C)[C@H]1CC[C@@H]2[C@@]1(CC[C@H]3[C@H]2[C@@H](CC4=CC(=O)CC[C@]34C)O)C
C00011	C(=O)=O
C05768	CC1=C2CC3=C(C(=C(N3)CC4=C(C(=C(N4)CC5=C(C(=C(N5)CC(=C1CCC(=O)O)N2)C)CCC(=O)O)C)CCC(=O)O)C)CCC(=O)O
C05668	CC(C)(COP(=O)(O)OP(=O)(O)OC[C@@H]1[C@H]([C@H]([C@@H](O1)N2C=NC3=C(N=CN=C32)N)O)OP(=O)(O)O)[C@H](C(=O)NCCC(=O)NCCSC(=O)CCO)O
C00006	C1=CC(=C[N+](=C1)[C@H]2[C@@H]([C@@H]([C@H](O2)COP(=O)(O)OP(=O)(O)OC[C@@H]3[C@H]([C@H]([C@@H](O3)N4C=NC5=C(N=CN=C54)N)OP(=O)(O)O)O)O)O)C(=O)N
C03917	C[C@]12CCC(=O)C[C@@H]1CC[C@@H]3[C@@H]2CC[C@]4([C@H]3CC[C@@H]4O)C
C02110	CC1=C(C(CCC1)(C)C)/C=C/C(=C/C=C\C(=C\C=O)\C)/C
C00899	CC1=C(C(CCC1)(C)C)/C=C/C(=C/C=C\C(=C\CO)\C)/C
C00236	C([C@H](C(=O)OP(=O)(O)O)O)OP(=O)(O)O
C01190	CCCCCCCCCCCCC/C=C/[C@H]([C@H](CO[C@H]1[C@@H]([C@H]([C@@H]([C@H](O1)CO)O)O)O)NC=O)O
C02686	CCCCCCCCCCCCC/C=C/[C@H]([C@H](CO[C@H]1[C@@H]([C@H]([C@H]([C@H](O1)CO)O)O)O)NC=O)O
C00473	CC1=C(C(CCC1)(C)C)/C=C/C(=C/C=C/C(=C/CO)/C)/C
C00631	C([C@H](C(=O)O)OP(=O)(O)O)O
C00181	C1[C@H]([C@@H]([C@H](C(O1)O)O)O)O
C00385	C1=NC2=C(N1)C(=O)NC(=O)N2
C00118	C([C@H](C=O)O)OP(=O)(O)O
C00009	OP(=O)(O)O
C00231	C([C@H]([C@@H](C(=O)CO)O)O)OP(=O)(O)O
C00117	C([C@@H]1[C@H]([C@H](C(O1)O)O)O)OP(=O)(O)O
C00022	CC(=O)C(=O)O
C01272	[C@H]1([C@H](C([C@H]([C@H](C1OP(=O)(O)O)O)OP(=O)(O)O)OP(=O)(O)O)OP(=O)(O)O)O
C00199	C([C@H]([C@H](C(=O)CO)O)O)OP(=O)(O)O
C01042	CC(=O)N[C@@H](CC(=O)O)C(=O)O
C00135	C1=C(NC=N1)C[C@@H](C(=O)O)N
C00315	C(CCNCCCN)CN
C00047	C(CCN)C[C@@H](C(=O)O)N
C01120	CCCCCCCCCCCCCCC[C@H]([C@H](COP(=O)(O)O)N)O
C00750	C(CCNCCCN)CNCCCN
C00079	C1=CC=C(C=C1)C[C@@H](C(=O)O)N
C00078	C1=CC=C2C(=C1)C(=CN2)C[C@@H](C(=O)O)N
C00311	C(C(C(C(=O)O)O)C(=O)O)C(=O)O
C00158	C(C(=O)O)C(CC(=O)O)(C(=O)O)O
C00109	CCC(=O)C(=O)O
C00957	C(C(=O)C(=O)O)S
C00168	C(C(=O)C(=O)O)O
C03465	CCC(C)C(=O)C(=O)O
C00141	CC(C)C(=O)C(=O)O
C00988	C(C(=O)O)OP(=O)(O)O
C05298	C[C@]12CC[C@H]3[C@H]([C@@H]1CCC2=O)CCC4=CC(=C(C=C34)O)O
C00027	OO
C14209	C[C@]12CC[C@H]3[C@H]([C@@H]1CC[C@@H]2O)CCC4=C3C=CC(=C4O)O
C05301	C[C@]12CC[C@H]3[C@H]([C@@H]1CC[C@@H]2O)CCC4=CC(=C(C=C34)O)O
C00132	CO
C00330	C1[C@@H]([C@H](O[C@H]1N2C=NC3=C2N=C(NC3=O)N)CO)O
C00588	C[N+](C)(C)CCOP(=O)(O)O
C00632	C1=CC(=C(C(=C1)O)N)C(=O)O
C00698	[Cl-]
C00366	C12=C(NC(=O)N1)NC(=O)NC2=O
C01674	CC(=O)N[C@@H]1[C@H]([C@@H]([C@H](O[C@H]1O[C@@H]2[C@H](OC([C@@H]([C@H]2O)NC(=O)C)O)CO)CO)O)O
C00458	C1[C@@H]([C@H](O[C@H]1N2C=CC(=NC2=O)N)COP(=O)(O)OP(=O)(O)OP(=O)(O)O)O
C00286	C1[C@@H]([C@H](O[C@H]1N2C=NC3=C2N=C(NC3=O)N)COP(=O)(O)OP(=O)(O)OP(=O)(O)O)O
C00459	CC1=CN(C(=O)NC1=O)[C@H]2C[C@@H]([C@H](O2)COP(=O)(O)OP(=O)(O)OP(=O)(O)O)O
C00062	C(C[C@@H](C(=O)O)N)CN=C(N)N
C00163	CCC(=O)O
C04256	CC(=O)N[C@@H]1[C@H]([C@@H]([C@H](OC1OP(=O)(O)O)CO)O)O
C00379	C([C@H](C([C@H](CO)O)O)O)O
C00337	C1[C@H](NC(=O)NC1=O)C(=O)O
C00104	C1=NC2=C(C(=O)N1)N=CN2[C@H]3[C@@H]([C@@H]([C@H](O3)COP(=O)(O)OP(=O)(O)O)O)O
C01017	C1=CC2=C(C=C1O)C(=CN2)CC(C(=O)O)N
C00002	C1=NC(=C2C(=N1)N(C=N2)[C@H]3[C@@H]([C@@H]([C@H](O3)COP(=O)(O)OP(=O)(O)OP(=O)(O)O)O)O)N
C01103	C1=C(N(C(=O)NC1=O)[C@H]2[C@@H]([C@@H]([C@H](O2)COP(=O)(O)O)O)O)C(=O)O
C00063	C1=CN(C(=O)N=C1N)[C@H]2[C@@H]([C@@H]([C@H](O2)COP(=O)(O)OP(=O)(O)OP(=O)(O)O)O)O
C00363	CC1=CN(C(=O)NC1=O)[C@H]2C[C@@H]([C@H](O2)COP(=O)(O)OP(=O)(O)O)O
C00295	C1=C(NC(=O)NC1=O)C(=O)O
C00119	C([C@@H]1[C@H]([C@H]([C@H](O1)OP(=O)(O)OP(=O)(O)O)O)O)OP(=O)(O)O
C00559	C1[C@@H]([C@H](O[C@H]1N2C=NC3=C(N=CN=C32)N)CO)O
C00044	C1=NC2=C(N1[C@H]3[C@@H]([C@@H]([C@H](O3)COP(=O)(O)OP(=O)(O)OP(=O)(O)O)O)O)N=C(NC2=O)N
C00500	CC\1=C(/C(=C/C2=C(C(=C(N2)/C=C\3/C(=C(C(=O)N3)C)C=C)C)CCC(=O)O)/N/C1=C\C4=NC(=O)C(=C4C)C=C)CCC(=O)O
C00084	CC=O
C03360	C1=CC(=CC=C1[N+](=O)[O-])OP(=O)(O)O
C00292	C1=CC=C(C=C1)N
C00427	CCCCC[C@@H](/C=C/[C@H]1[C@H]2C[C@@H]([C@@H]1C/C=C\CCCC(=O)O)OO2)O
C00310	C1[C@H]([C@@H](C(O1)(CO)O)O)O
C03406	C(C[C@@H](C(=O)O)N)CN=C(N)N[C@@H](CC(=O)O)C(=O)O
C00179	C(CCN=C(N)N)CN
C00346	C(COP(=O)(O)O)N
C00504	C1=CC(=CC=C1C(=O)N[C@@H](CCC(=O)O)C(=O)O)NCC2=CN=C3C(=N2)C(=O)NC(=N3)N
C02679	CCCCCCCCCCCC(=O)O
C00249	CCCCCCCCCCCCCCCC(=O)O
C13712	CC(=O)[C@H]1CC[C@@H]2[C@@]1(CC[C@H]3[C@H]2CC[C@@H]4[C@@]3(CC[C@H](C4)O)C)C
C00189	C(CO)N
C00197	C([C@H](C(=O)O)O)OP(=O)(O)O
C00041	C[C@@H](C(=O)O)N
C00327	C(C[C@@H](C(=O)O)N)CNC(=O)N
C00526	C1[C@@H]([C@H](O[C@H]1N2C=CC(=O)NC2=O)CO)O
C00152	C([C@@H](C(=O)O)N)C(=O)N
C05993	CC(=O)OP(=O)(O)OC[C@@H]1[C@H]([C@H]([C@@H](O1)N2C=NC3=C(N=CN=C32)N)O)O
C05983	CCC(=O)OP(=O)(O)OC[C@@H]1[C@H]([C@H]([C@@H](O1)N2C=NC3=C(N=CN=C32)N)O)O
C00242	C1=NC2=C(N1)C(=O)NC(=N2)N
C03028	CC1=C(SC=[N+]1CC2=CN=C(N=C2N)C)CCOP(=O)(O)OP(=O)(O)OP(=O)(O)O
C00437	CC(=O)N[C@@H](CCCN)C(=O)O
C00033	CC(=O)O
C00077	C(C[C@@H](C(=O)O)N)CN
C02712	CC(=O)N[C@@H](CCSC)C(=O)O
C00073	CSCC[C@@H](C(=O)O)N
C00089	C([C@@H]1[C@H]([C@@H]([C@H]([C@H](O1)O[C@]2([C@H]([C@@H]([C@H](O2)CO)O)O)CO)O)O)O)O
C07565	CC(=O)NC1=CC=CC=C1
C00498	C1=NC(=C2C(=N1)N(C=N2)[C@H]3[C@@H]([C@@H]([C@H](O3)COP(=O)(O)OP(=O)(O)O[C@@H]4[C@@H]([C@H]([C@@H]([C@H](O4)CO)O)O)O)O)O)N
C06192	C1=NC(=C2C(=N1)N(C=N2)[C@H]3[C@@H]([C@@H]([C@H](O3)COP(=O)(O)OP(=O)(O)O[C@@H]4[C@H]([C@H]([C@@H]([C@H](O4)CO)O)O)O)O)O)N
C11526	[C@H]1([C@H](C([C@H]([C@@H](C1OP(=O)(O)O)OP(=O)(O)O)OP(=O)(O)O)OP(=O)(O)OP(=O)(O)O)OP(=O)(O)O)OP(=O)(O)O
C07599	C1=NNC2=C1C(=O)NC(=O)N2
C00086	C(=O)(N)N
C00445	C1C2CN(C=[N+]2C3=C(N1)N=C(NC3=O)N)C4=CC=C(C=C4)C(=O)N[C@@H](CCC(=O)O)C(=O)O
C00143	C1[C@@H]2CN(CN2C3=C(N1)N=C(NC3=O)N)C4=CC=C(C=C4)C(=O)NC(CCC(=O)O)C(=O)O
C01259	C[N+](C)(C)CCC[C@@H]([C@@H](C(=O)O)N)O
C06439	CC/C=C\C[C@@H](/C=C/[C@H]1[C@@H](CC(=O)[C@@H]1C/C=C\CCCC(=O)O)O)O
C00584	CCCCC[C@@H](/C=C/[C@H]1[C@@H](CC(=O)[C@@H]1C/C=C\CCCC(=O)O)O)O
C04741	CCCCC[C@@H](/C=C/[C@H]1[C@@H](CC(=O)[C@@H]1CCCCCCC(=O)O)O)O
C03231	C/C(=C\C(=O)SCCNC(=O)CCNC(=O)[C@@H](C(C)(C)COP(=O)(O)OP(=O)(O)OC[C@@H]1[C@H]([C@H]([C@@H](O1)N2C=NC3=C(N=CN=C32)N)O)OP(=O)(O)O)O)/CC(=O)O
C00356	C[C@](CC(=O)O)(CC(=O)SCCNC(=O)CCNC(=O)[C@@H](C(C)(C)COP(=O)(O)OP(=O)(O)OC[C@@H]1[C@H]([C@H]([C@@H](O1)N2C=NC3=C(N=CN=C32)N)O)OP(=O)(O)O)O)O
C11945	CC(C)C(=C)C/C=C(\C)/C(=O)SCCNC(=O)CCNC(=O)[C@@H](C(C)(C)COP(=O)(O)OP(=O)(O)OC[C@@H]1[C@H]([C@H]([C@@H](O1)N2C=NC3=C(N=CN=C32)N)O)OP(=O)(O)O)O
C11946	CC(C)C(=C)C/C=C(/C)\C(=O)SCCNC(=O)CCNC(=O)[C@@H](C(C)(C)COP(=O)(O)OP(=O)(O)OC[C@@H]1[C@H]([C@H]([C@@H](O1)N2C=NC3=C(N=CN=C32)N)O)OP(=O)(O)O)O
C00085	C([C@@H]1[C@H]([C@@H](C(O1)(CO)O)O)O)OP(=O)(O)O
C05382	C([C@H]([C@H]([C@H]([C@@H](C(=O)CO)O)O)O)O)OP(=O)(O)O
C03227	C1=CC(=C(C(=C1)O)N)C(=O)C[C@@H](C(=O)O)N
C05651	C1=CC(=C(C=C1O)C(=O)C[C@@H](C(=O)O)N)N
C00082	C1=CC(=CC=C1C[C@@H](C(=O)O)N)O
C01143	C[C@@](CCOP(=O)(O)OP(=O)(O)O)(CC(=O)O)O
C00357	CC(=O)N[C@@H]1[C@H]([C@@H]([C@H](OC1O)COP(=O)(O)O)O)O
C03150	C1=CC(=C[N+](=C1)[C@H]2[C@@H]([C@@H]([C@H](O2)CO)O)O)C(=O)N
C06205	C1=CC=C2C(C(C=CC2=C1)O)O
C00325	C[C@H]1[C@H]([C@H]([C@@H]([C@H](O1)OP(=O)(O)OP(=O)(O)OC[C@@H]2[C@H]([C@H]([C@@H](O2)N3C=NC4=C3N=C(NC4=O)N)O)O)O)O)O
C00233	CC(C)CC(=O)C(=O)O
C00148	C1C[C@H](NC1)C(=O)O
C00024	CC(=O)SCCNC(=O)CCNC(=O)[C@@H](C(C)(C)COP(=O)(O)OP(=O)(O)OC[C@@H]1[C@H]([C@H]([C@@H](O1)N2C=NC3=C(N=CN=C32)N)O)OP(=O)(O)O)O
C05952	CCCCC/C=C\C/C=C\C=C\C=C\[C@H]([C@H](CCCC(=O)O)O)SC[C@@H](C(=O)O)N
C00280	C[C@]12CCC(=O)C=C1CC[C@@H]3[C@@H]2CC[C@]4([C@H]3CCC4=O)C
C01061	C(C(=O)CC(=O)O)C(=O)/C=C/C(=O)O
C00054	C1=NC(=C2C(=N1)N(C=N2)[C@H]3[C@@H]([C@@H]([C@H](O3)COP(=O)(O)O)OP(=O)(O)O)O)N
C05989	CC(C)(COP(=O)(O)OP(=O)(O)OC[C@@H]1[C@H]([C@H]([C@@H](O1)N2C=NC3=C(N=CN=C32)N)O)OP(=O)(O)O)[C@H](C(=O)NCCC(=O)NCCSC(=O)CC=O)O
C00004	C1C=CN(C=C1C(=O)N)[C@H]2[C@@H]([C@@H]([C@H](O2)COP(=O)(O)OP(=O)(O)OC[C@@H]3[C@H]([C@H]([C@@H](O3)N4C=NC5=C(N=CN=C54)N)O)O)O)O
C00203	CC(=O)N[C@@H]1[C@H]([C@H]([C@H](O[C@@H]1OP(=O)(O)OP(=O)(O)OC[C@@H]2[C@H]([C@H](C(O2)N3C=CC(=O)NC3=O)O)O)CO)O)O
C00025	C(CC(=O)O)[C@@H](C(=O)O)N
C05999	CC(C=O)O
C00474	C([C@H](C([C@H](CO)O)O)O)O
C05827	CN1C=C(N=C1)CC=O
C00601	C1=CC=C(C=C1)CC=O
C05583	COC1=C(C=CC(=C1)C(C=O)O)O
C05577	C1=CC(=C(C=C1C(C=O)O)O)O
C04043	C1=CC(=C(C=C1CC=O)O)O
C05581	COC1=C(C=CC(=C1)CC=O)O
C03765	C1=CC(=CC=C1CC=O)O
C06899	C(C(Cl)(Cl)Cl)(O)O
C00106	C1=CNC(=O)NC1=O
C00178	CC1=CNC(=O)NC1=O
C01236	C([C@@H]1[C@H]([C@@H]([C@H](C(=O)O1)O)O)O)OP(=O)(O)O
C19594	COC1=C2C3=C(C(=O)CC3)C(=O)OC2=C4C(=C1)O[C@@H]5[C@]4([C@@H]6[C@@H](O6)O5)O
C14840	C1=CC2C(O2)C(=C1)Br
C00137	C1(C(C(C(C(C1O)O)O)O)O)O
C00581	C(C(=O)O)N=C(N)N
C00013	OP(=O)(O)OP(=O)(O)O
C05691	C[Se+](CC[C@@H](C(=O)O)N)C[C@@H]1[C@H]([C@H]([C@@H](O1)N2C=NC3=C(N=CN=C32)N)O)O
C03681	CC(=O)[C@H]1CC[C@@H]2[C@@]1(CC[C@H]3[C@H]2CC[C@@H]4[C@@]3(CCC(=O)C4)C)C
C05453	C[C@H](CCCC(C)C)[C@H]1CC[C@@H]2[C@@]1([C@H](C[C@H]3[C@H]2[C@@H](C[C@H]4[C@@]3(CCC(=O)C4)C)O)O)C
C05451	C[C@H](CCCC(C)C)[C@H]1CC[C@@H]2[C@@]1(CC[C@H]3[C@H]2[C@@H](C[C@H]4[C@@]3(CCC(=O)C4)C)O)C
C04047	CC(CO)C(=O)SCCNC(=O)CCNC(=O)[C@@H](C(C)(C)COP(=O)(O)OP(=O)(O)OC[C@@H]1[C@H]([C@H]([C@@H](O1)N2C=NC3=C(N=CN=C32)N)O)OP(=O)(O)O)O
C00491	C([C@@H](C(=O)O)N)SSC[C@@H](C(=O)O)N
C05684	[O-][Se](=O)[O-]
C00399	CC1=C(C(=O)C(=C(C1=O)OC)OC)C/C=C(\C)/CCC=C(C)C
C00097	C([C@@H](C(=O)O)N)S
C01528	[SeH2]
C00037	C(C(=O)O)N
C00630	CC(C)C(=O)SCCNC(=O)CCNC(=O)[C@@H](C(C)(C)COP(=O)(O)OP(=O)(O)OC[C@@H]1[C@H]([C@H]([C@@H](O1)N2C=NC3=C(N=CN=C32)N)O)OP(=O)(O)O)O
C02939	CC(C)CC(=O)SCCNC(=O)CCNC(=O)[C@@H](C(C)(C)COP(=O)(O)OP(=O)(O)OC[C@@H]1[C@H]([C@H]([C@@H](O1)N2C=NC3=C(N=CN=C32)N)O)OP(=O)(O)O)O
C01033	CCC(C)C(=O)SCCNC(=O)CCNC(=O)[C@@H](C(C)(C)COP(=O)(O)OP(=O)(O)OC[C@@H]1[C@H]([C@H]([C@@H](O1)N2C=NC3=C(N=CN=C32)N)O)OP(=O)(O)O)O
C02249	CCCCC/C=C\C/C=C\C/C=C\C/C=C\CCCC(=O)SCCNC(=O)CCNC(=O)[C@@H](C(C)(C)COP(=O)(O)OP(=O)(O)OC[C@@H]1[C@H]([C@H]([C@@H](O1)N2C=NC3=C(N=CN=C32)N)O)OP(=O)(O)O)O
C00582	CC(C)(COP(=O)(O)OP(=O)(O)OC[C@@H]1[C@H]([C@H]([C@@H](O1)N2C=NC3=C(N=CN=C32)N)O)OP(=O)(O)O)[C@H](C(=O)NCCC(=O)NCCSC(=O)CC4=CC=CC=C4)O
C00074	C=C(C(=O)O)OP(=O)(O)O
C05130	C1=C(NC=N1)CC=O
C00637	C1=CC=C2C(=C1)C(=CN2)CC=O
C02576	CC(=C)C1CCC(=CC1)C=O
C00149	C([C@@H](C(=O)O)O)C(=O)O
C00036	C(C(=O)C(=O)O)C(=O)O
C11499	C([C@H](C(=O)O)O)S(=O)(=O)O
C03626	CN(C)C(=NCCC[C@@H](C(=O)O)N)N
C01157	C1[C@H](CN[C@@H]1C(=O)O)O
C00332	CC(=O)CC(=O)SCCNC(=O)CCNC(=O)[C@@H](C(C)(C)COP(=O)(O)OP(=O)(O)OC[C@@H]1[C@H]([C@H]([C@@H](O1)N2C=NC3=C(N=CN=C32)N)O)OP(=O)(O)O)O
C01449	C1=C[C@@H]([C@@H]([C@H]1NCC2=CNC3=C2C(=O)NC(=N3)N)O)O
C00184	C(C(=O)CO)O
C00430	C(CC(=O)O)C(=O)CN
C00275	C([C@@H]1[C@H]([C@@H]([C@@H](C(O1)O)O)O)O)OP(=O)(O)O
C01326	C#N
C00320	OS(=O)(=S)[O-]
C00064	C(CC(=O)N)[C@@H](C(=O)O)N
C00655	C1=NC2=C(N1[C@H]3[C@@H]([C@@H]([C@H](O3)COP(=O)(O)O)O)O)NC(=O)NC2=O
C00208	C([C@@H]1[C@H]([C@@H]([C@H]([C@H](O1)O[C@@H]2[C@H](OC([C@@H]([C@H]2O)O)O)CO)O)O)O)O
C01835	C([C@@H]1[C@H]([C@@H]([C@H]([C@H](O1)O[C@@H]2[C@H](O[C@@H]([C@@H]([C@H]2O)O)O[C@@H]3[C@H](OC([C@@H]([C@H]3O)O)O)CO)CO)O)O)O)O
C00164	CC(=O)CC(=O)O
C01328	[OH-]
C01598	CC(=O)NCCC1=CNC2=C1C=C(C=C2)OC
C00475	C1=CN(C(=O)N=C1N)[C@H]2[C@@H]([C@@H]([C@H](O2)CO)O)O
C01089	C[C@H](CC(=O)O)O
C00673	C1[C@@H]([C@H](OC1O)COP(=O)(O)O)O
C02165	CCCCC/C=C\C[C@H](/C=C/C=C/C=C\[C@H](CCCC(=O)O)O)O
C00639	CCCCC[C@@H](/C=C/[C@H]1[C@@H](C[C@@H]([C@@H]1C/C=C\CCCC(=O)O)O)O)O
C04895	C1C(=NC2=C(N1)N=C(NC2=O)N)[C@@H]([C@@H](COP(=O)(O)OP(=O)(O)OP(=O)(O)O)O)O
C01284	[C@H]1([C@H](C([C@H]([C@@H](C1O)OP(=O)(O)O)OP(=O)(O)O)OP(=O)(O)O)OP(=O)(O)O)OP(=O)(O)O
C03794	C1=NC(=C2C(=N1)N(C=N2)[C@H]3[C@@H]([C@@H]([C@H](O3)COP(=O)(O)O)O)O)N[C@@H](CC(=O)O)C(=O)O
C02218	C=C(C(=O)O)N
C03479	C1[C@@H](N(C2=C(N1)N=C(NC2=O)N)C=O)CNC3=CC=C(C=C3)C(=O)N[C@@H](CCC(=O)O)C(=O)O
C00188	C[C@H]([C@@H](C(=O)O)N)O
C00031	C([C@@H]1[C@H]([C@@H]([C@H](C(O1)O)O)O)O)O
C01083	C([C@@H]1[C@H]([C@@H]([C@H]([C@H](O1)O[C@@H]2[C@@H]([C@H]([C@@H]([C@H](O2)CO)O)O)O)O)O)O)O
C00334	C(CC(=O)O)CN
C00232	C(CC(=O)O)C=O
C00222	C(C=O)C(=O)O
C00831	CC(C)(CO)[C@H](C(=O)NCCC(=O)NCCS)O
C00864	CC(C)(CO)[C@H](C(=O)NCCC(=O)O)O
C04079	CC(C)(CO)[C@H](C(=O)NCCC(=O)N[C@@H](CS)C(=O)O)O
C00239	C1[C@@H]([C@H](O[C@H]1N2C=CC(=NC2=O)N)COP(=O)(O)O)O
C00360	C1[C@@H]([C@H](O[C@H]1N2C=NC3=C(N=CN=C32)N)COP(=O)(O)O)O
C00061	CC1=CC2=C(C=C1C)N(C3=NC(=O)NC(=O)C3=N2)C[C@@H]([C@@H]([C@@H](COP(=O)(O)O)O)O)O
C00140	CC(=O)N[C@@H]1[C@H]([C@@H]([C@H](OC1O)CO)O)O
C04246	C/C=C/C(=O)S
C01005	C([C@@H](C(=O)O)N)OP(=O)(O)O
C15606	CSCCC(=O)/C(=C/O)/O
C05924	C([C@@H]1C(=C([C@H]2[C@@H](O1)NC3=C(N2)C(=O)NC(=N3)N)S)S)OP(=O)(O)O
C00606	C([C@@H](C(=O)O)N)S(=O)O
C00235	CC(=CCOP(=O)(O)OP(=O)(O)O)C
C00129	CC(=C)CCOP(=O)(O)OP(=O)(O)O
C00341	CC(=CCC/C(=C/COP(=O)(O)OP(=O)(O)O)/C)C
C00059	OS(=O)(=O)O
C05697	O[Se](=O)(=O)O
C16170	CCCCC/C=C\C/C=C\C/C=C\C/C=C\CCCCCC(=O)SCCNC(=O)CCNC(=O)[C@@H](C(C)(C)COP(=O)(O)OP(=O)(O)OC[C@@H]1[C@H]([C@H]([C@@H](O1)N2C=NC3=C(N=CN=C32)N)O)OP(=O)(O)O)O
C00083	CC(C)(COP(=O)(O)OP(=O)(O)OC[C@@H]1[C@H]([C@H]([C@@H](O1)N2C=NC3=C(N=CN=C32)N)O)OP(=O)(O)O)[C@H](C(=O)NCCC(=O)NCCSC(=O)CC(=O)O)O
C00134	C(CCN)CN
C04185	C1=C2C=C(NC2=CC(=C1O)O)C(=O)O
C03410	C1[C@@H]([C@H]([C@@H](OC1(C(=O)O)O)[C@@H]([C@@H](CO)O)O)NC(=O)CO)O
C19910	CC(=O)N[C@@H]1[C@H](C[C@](O[C@H]1[C@@H]([C@@H](CO)O)O)(C(=O)O)O)O
C01210	CNCCOP(=O)(O)O
C00877	C/C=C/C(=O)SCCNC(=O)CCNC(=O)[C@@H](C(C)(C)COP(=O)(O)OP(=O)(O)OC[C@@H]1[C@H]([C@H]([C@@H](O1)N2C=NC3=C(N=CN=C32)N)O)OP(=O)(O)O)O
C00894	CC(C)(COP(=O)(O)OP(=O)(O)OC[C@@H]1[C@H]([C@H]([C@@H](O1)N2C=NC3=C(N=CN=C32)N)O)OP(=O)(O)O)[C@H](C(=O)NCCC(=O)NCCSC(=O)C=C)O
C03221	CCCCCCCCC/C=C/C(=O)SCCNC(=O)CCNC(=O)[C@@H](C(C)(C)COP(=O)(O)OP(=O)(O)OC[C@@H]1[C@H]([C@H]([C@@H](O1)N2C=NC3=C(N=CN=C32)N)O)OP(=O)(O)O)O
C05275	CCCCCCC/C=C/C(=O)SCCNC(=O)CCNC(=O)[C@@H](C(C)(C)COP(=O)(O)OP(=O)(O)OC[C@@H]1[C@H]([C@H]([C@@H](O1)N2C=NC3=C(N=CN=C32)N)O)OP(=O)(O)O)O
C05276	CCCCC/C=C/C(=O)SCCNC(=O)CCNC(=O)[C@@H](C(C)(C)COP(=O)(O)OP(=O)(O)OC[C@@H]1[C@H]([C@H]([C@@H](O1)N2C=NC3=C(N=CN=C32)N)O)OP(=O)(O)O)O
C05271	CCC/C=C/C(=O)SCCNC(=O)CCNC(=O)[C@@H](C(C)(C)COP(=O)(O)OP(=O)(O)OC[C@@H]1[C@H]([C@H]([C@@H](O1)N2C=NC3=C(N=CN=C32)N)O)OP(=O)(O)O)O
C05279	CCCCC/C=C\CC/C=C/C(=O)SCCNC(=O)CCNC(=O)[C@@H](C(C)(C)COP(=O)(O)OP(=O)(O)OC[C@@H]1[C@H]([C@H]([C@@H](O1)N2C=NC3=C(N=CN=C32)N)O)OP(=O)(O)O)O
C02505	C1=CC=C(C=C1)CC(=O)N
C02693	C1=CC=C2C(=C1)C(=CN2)CC(=O)N
C14818	[Fe+2]
C00048	C(=O)C(=O)O
C05447	C[C@H](CC/C=C(\C)/C(=O)SCCNC(=O)CCNC(=O)[C@@H](C(C)(C)COP(=O)(O)OP(=O)(O)OC[C@@H]1[C@H]([C@H]([C@@H](O1)N2C=NC3=C(N=CN=C32)N)O)OP(=O)(O)O)O)[C@H]4CC[C@@H]5[C@@]4(CC[C@H]6[C@H]5[C@@H](C[C@H]7[C@@]6(CC[C@H](C7)O)C)O)C
C00645	CC(=O)N[C@H]1[C@H]([C@@H]([C@H](OC1O)CO)O)O
C06459	C[N+](C)(C)CCP(=O)(O)O
C00499	C(C(=O)O)(NC(=O)N)NC(=O)N
C02291	C(CSC[C@@H](C(=O)O)N)[C@@H](C(=O)O)N
C16218	CCCCCCCCCCCCCCC/C=C/C(=O)SCCNC(=O)CCNC(=O)[C@@H](C(C)(C)COP(=O)(O)OP(=O)(O)OC[C@@H]1[C@H]([C@H]([C@@H](O1)N2C=NC3=C(N=CN=C32)N)O)OP(=O)(O)O)O
C05272	CCCCCCCCCCCCC/C=C/C(=O)SCCNC(=O)CCNC(=O)[C@@H](C(C)(C)COP(=O)(O)OP(=O)(O)OC[C@@H]1[C@H]([C@H]([C@@H](O1)N2C=NC3=C(N=CN=C32)N)O)OP(=O)(O)O)O
C05273	CCCCCCCCCCC/C=C/C(=O)SCCNC(=O)CCNC(=O)[C@@H](C(C)(C)COP(=O)(O)OP(=O)(O)OC[C@@H]1[C@H]([C@H]([C@@H](O1)N2C=NC3=C(N=CN=C32)N)O)OP(=O)(O)O)O
C00438	C([C@@H](C(=O)O)NC(=O)N)C(=O)O
C05460	C[C@H](CC/C=C(\C)/C(=O)SCCNC(=O)CCNC(=O)[C@@H](C(C)(C)COP(=O)(O)OP(=O)(O)OC[C@@H]1[C@H]([C@H]([C@@H](O1)N2C=NC3=C(N=CN=C32)N)O)OP(=O)(O)O)O)[C@H]4CC[C@@H]5[C@@]4([C@H](C[C@H]6[C@H]5[C@@H](C[C@H]7[C@@]6(CC[C@H](C7)O)C)O)O)C
C04717	CCCCC[C@@H](/C=C/C=C\CCCCCCCC(=O)O)OO
C04849	CCCCC/C=C\CC1[C@@H](O1)/C=C/C(C/C=C\CCCC(=O)O)O
C00262	C1=NC2=C(N1)C(=O)NC=N2
C05578	C1=CNC2=CC(=C(C=C21)O)O
C00822	C1=CC(=O)C(=O)C=C1C[C@@H](C(=O)O)N
C01693	C1[C@H](NC2=CC(=O)C(=O)C=C21)C(=O)O
C05957	CCCCC[C@@H](/C=C/[C@@H]1[C@H](C=CC1=O)C/C=C\CCCC(=O)O)O
C05953	CCCCC[C@@H](/C=C/[C@H]1C=CC(=O)[C@@H]1C/C=C\CCCC(=O)O)O
C04685	CCCCC[C@@H](/C=C/[C@H]1C=CC(=O)C1CCCCCCC(=O)O)O
C11304	CCCCC[C@@H](/C=C/[C@H]1C(CC(=O)C1CCCCCCC(=O)O)SC[C@@H](C(=O)NCC(=O)O)NC(=O)CC[C@@H](C(=O)O)N)O
C14855	C1=CC=C2C3=C4C(=CC2=C1)C(C(C5=CC=CC(=C54)C=C3)O)SC[C@@H](C(=O)NCC(=O)O)NC(=O)CC[C@@H](C(=O)O)N
C14851	C1=CC=C2C3=C4C(=CC2=C1)C5C(O5)C6=CC=CC(=C64)C=C3
C14852	C1=CC2=C3C(=C1)C=CC4=C3C(=CC5=C4C=CC(C5O)O)C=C2
C14786	C1=CC=C2[C@@H]3[C@@H](O3)C=CC2=C1
C14787	C1=CC=C2[C@H]3[C@H](O3)C=CC2=C1
C19586	COC1=C2C3=C(C(=O)CC3)C(=O)OC2=C4[C@@H]5[C@@H]6[C@@H](O6)O[C@@H]5OC4=C1
C06790	C(=C(Cl)Cl)Cl
C14839	C1=CC(=CC2C1O2)Br
C14800	C1=CC2=C(C=CC3C2O3)C(=C1)[N+](=O)[O-]
C14802	C1=CC2=C(C3C(O3)C=C2)C(=C1)[N+](=O)[O-]
C14858	C(=O)C(Cl)Cl
C14857	C1C(O1)(Cl)Cl
C14865	C(CC(=O)N[C@@H](CSCC(=O)Cl)C(=O)NCC(=O)O)[C@@H](C(=O)O)N
C14859	C(C(=O)Cl)Cl
C14870	C(C=O)Br
C00136	CCCC(=O)SCCNC(=O)CCNC(=O)[C@@H](C(C)(C)COP(=O)(O)OP(=O)(O)OC[C@@H]1[C@H]([C@H]([C@@H](O1)N2C=NC3=C(N=CN=C32)N)O)OP(=O)(O)O)O
C15025	C[N+](C)(C)C[C@H](CC(=O)[O-])O
C00412	CCCCCCCCCCCCCCCCCC(=O)SCCNC(=O)CCNC(=O)[C@@H](C(C)(C)COP(=O)(O)OP(=O)(O)OC[C@@H]1[C@H]([C@H]([C@@H](O1)N2C=NC3=C(N=CN=C32)N)O)OP(=O)(O)O)O
C00510	CCCCCCCC/C=C\CCCCCCCC(=O)SCCNC(=O)CCNC(=O)[C@@H](C(C)(C)COP(=O)(O)OP(=O)(O)OC[C@@H]1[C@H]([C@H]([C@@H](O1)N2C=NC3=C(N=CN=C32)N)O)OP(=O)(O)O)O
C02041	CCCCCCCCCCCCCCCCCCCC(=O)SCCNC(=O)CCNC(=O)[C@@H](C(C)(C)COP(=O)(O)OP(=O)(O)OC[C@@H]1[C@H]([C@H]([C@@H](O1)N2C=NC3=C(N=CN=C32)N)O)OP(=O)(O)O)O
C16528	CCCCCCCCCCCCCCCCCCCCCC(=O)SCCNC(=O)CCNC(=O)[C@@H](C(C)(C)COP(=O)(O)OP(=O)(O)OC[C@@H]1[C@H]([C@H]([C@@H](O1)N2C=NC3=C(N=CN=C32)N)O)OP(=O)(O)O)O
C16531	CCCCCCCC/C=C\CCCCCCCCCCCC(=O)SCCNC(=O)CCNC(=O)[C@@H](C(C)(C)COP(=O)(O)OP(=O)(O)OC[C@@H]1[C@H]([C@H]([C@@H](O1)N2C=NC3=C(N=CN=C32)N)O)OP(=O)(O)O)O
C16162	CC/C=C\C/C=C\C/C=C\CCCCCCCC(=O)SCCNC(=O)CCNC(=O)[C@@H](C(C)(C)COP(=O)(O)OP(=O)(O)OC[C@@H]1[C@H]([C@H]([C@@H](O1)N2C=NC3=C(N=CN=C32)N)O)OP(=O)(O)O)O
C16163	CC/C=C\C/C=C\C/C=C\C/C=C\CCCCC(=O)SCCNC(=O)CCNC(=O)[C@@H](C(C)(C)COP(=O)(O)OP(=O)(O)OC[C@@H]1[C@H]([C@H]([C@@H](O1)N2C=NC3=C(N=CN=C32)N)O)OP(=O)(O)O)O
C16164	CC/C=C\C/C=C\C/C=C\C/C=C\CCCCCCC(=O)SCCNC(=O)CCNC(=O)[C@@H](C(C)(C)COP(=O)(O)OP(=O)(O)OC[C@@H]1[C@H]([C@H]([C@@H](O1)N2C=NC3=C(N=CN=C32)N)O)OP(=O)(O)O)O
C16165	CC/C=C\C/C=C\C/C=C\C/C=C\C/C=C\CCCC(=O)SCCNC(=O)CCNC(=O)[C@@H](C(C)(C)COP(=O)(O)OP(=O)(O)OC[C@@H]1[C@H]([C@H]([C@@H](O1)N2C=NC3=C(N=CN=C32)N)O)OP(=O)(O)O)O
C16166	CC/C=C\C/C=C\C/C=C\C/C=C\C/C=C\CCCCCC(=O)SCCNC(=O)CCNC(=O)[C@@H](C(C)(C)COP(=O)(O)OP(=O)(O)OC[C@@H]1[C@H]([C@H]([C@@H](O1)N2C=NC3=C(N=CN=C32)N)O)OP(=O)(O)O)O
C16169	CC/C=C\C/C=C\C/C=C\C/C=C\C/C=C\C/C=C\CCC(=O)SCCNC(=O)CCNC(=O)[C@@H](C(C)(C)COP(=O)(O)OP(=O)(O)OC[C@@H]1[C@H]([C@H]([C@@H](O1)N2C=NC3=C(N=CN=C32)N)O)OP(=O)(O)O)O
C16179	CC/C=C\C/C=C\C/C=C\CCCCCCCCCC(=O)SCCNC(=O)CCNC(=O)[C@@H](C(C)(C)COP(=O)(O)OP(=O)(O)OC[C@@H]1[C@H]([C@H]([C@@H](O1)N2C=NC3=C(N=CN=C32)N)O)OP(=O)(O)O)O
C03035	CCCCC/C=C\C/C=C\C/C=C\CCCCC(=O)SCCNC(=O)CCNC(=O)[C@@H](C(C)(C)COP(=O)(O)OP(=O)(O)OC[C@@H]1[C@H]([C@H]([C@@H](O1)N2C=NC3=C(N=CN=C32)N)O)OP(=O)(O)O)O
C03595	CCCCC/C=C\C/C=C\C/C=C\CCCCCCC(=O)SCCNC(=O)CCNC(=O)[C@@H](C(C)(C)COP(=O)(O)OP(=O)(O)OC[C@@H]1[C@H]([C@H]([C@@H](O1)N2C=NC3=C(N=CN=C32)N)O)OP(=O)(O)O)O
C16173	CCCCC/C=C\C/C=C\C/C=C\C/C=C\C/C=C\CCC(=O)SCCNC(=O)CCNC(=O)[C@@H](C(C)(C)COP(=O)(O)OP(=O)(O)OC[C@@H]1[C@H]([C@H]([C@@H](O1)N2C=NC3=C(N=CN=C32)N)O)OP(=O)(O)O)O
C16180	CCCCC/C=C\C/C=C\CCCCCCCCCC(=O)SCCNC(=O)CCNC(=O)[C@@H](C(C)(C)COP(=O)(O)OP(=O)(O)OC[C@@H]1[C@H]([C@H]([C@@H](O1)N2C=NC3=C(N=CN=C32)N)O)OP(=O)(O)O)O
C16645	CCCCC/C=C\C/C=C\CCCCCCCCCCCC(=O)SCCNC(=O)CCNC(=O)[C@@H](C(C)(C)COP(=O)(O)OP(=O)(O)OC[C@@H]1[C@H]([C@H]([C@@H](O1)N2C=NC3=C(N=CN=C32)N)O)OP(=O)(O)O)O
C00418	C[C@@](CCO)(CC(=O)O)O
C00058	C(=O)O
C01245	[C@H]1([C@@H]([C@H]([C@@H]([C@H]([C@@H]1OP(=O)(O)O)O)OP(=O)(O)O)OP(=O)(O)O)O)O
C02538	C[C@]12CC[C@H]3[C@H]([C@@H]1CCC2=O)CCC4=C3C=CC(=C4)OS(=O)(=O)O
C02934	CCCCCCCCCCCCCCCC(=O)[C@H](CO)N
C00258	C([C@H](C(=O)O)O)O
C00186	C[C@@H](C(=O)O)O
C00042	C(CC(=O)O)C(=O)O
C12448	CN1C2CCC1[C@H]([C@H](C2)O)C(=O)OC
C00627	CC1=NC=C(C(=C1O)CO)COP(=O)(O)O
C05688	C([C@@H](C(=O)O)N)[SeH]
C00265	C([C@@H]([C@H](CS)O)O)S
C05984	CC[C@@H](C(=O)O)O
C05823	C([C@@H](C(=O)O)O)S
C03455	CCCCCCCCCCCCCCCC(=O)OC/C=C(\C)/C=C\C=C(/C)\C=C\C1=C(CCCC1(C)C)C
C01179	C1=CC(=CC=C1CC(=O)C(=O)O)O
C00272	C[C@@H]([C@@H]([C@H]1CNC2=C(N1)C(=O)NC(=N2)N)O)O
C00187	C[C@H](CCCC(C)C)[C@H]1CC[C@@H]2[C@@]1(CC[C@H]3[C@H]2CC=C4[C@@]3(CC[C@@H](C4)O)C)C
C01204	C1(C(C(C(C(C1OP(=O)(O)O)OP(=O)(O)O)OP(=O)(O)O)OP(=O)(O)O)OP(=O)(O)O)OP(=O)(O)O
C00490	C=C(CC(=O)O)C(=O)O
C01732	C/C(=C\C(=O)O)/C(=O)O
C00094	OS(=O)O
C00167	C1=CN(C(=O)NC1=O)[C@H]2[C@@H]([C@@H]([C@H](O2)COP(=O)(O)OP(=O)(O)O[C@@H]3[C@@H]([C@H]([C@@H]([C@H](O3)C(=O)O)O)O)O)O)O
C00299	C1=CN(C(=O)NC1=O)[C@H]2[C@@H]([C@@H]([C@H](O2)CO)O)O
C00940	C(CC(=O)N)C(=O)C(=O)O
C01344	C1[C@@H]([C@H](O[C@H]1N2C=NC3=C2N=CNC3=O)COP(=O)(O)OP(=O)(O)O)O
C00246	CCCC(=O)O
C00803	CCCCC(=O)O
C01585	CCCCCC(=O)O
C17714	CCCCCCC(=O)O
C06423	CCCCCCCC(=O)O
C01601	CCCCCCCCC(=O)O
C01571	CCCCCCCCCC(=O)O
C17715	CCCCCCCCCCC(=O)O
C00555	C(CC=O)CN
C00256	C[C@H](C(=O)O)O
C00068	CC1=C(SC=[N+]1CC2=CN=C(N=C2N)C)CCOP(=O)(O)OP(=O)(O)O
C05381	CC1=C(SC(=[N+]1CC2=CN=C(N=C2N)C)C(CCC(=O)O)O)CCOP(=O)(O)OP(=O)(O)O
C00248	C1CSSC1CCCCC(=O)N
C02862	CCCC(=O)OC(CC(=O)[O-])C[N+](C)(C)C
C02571	CC(=O)O[C@H](CC(=O)O)C[N+](C)(C)C
C03017	CCC(=O)OC(CC(=O)[O-])C[N+](C)(C)C
C02990	CCCCCCCCCCCCCCCC(=O)O[C@H](CC(=O)[O-])C[N+](C)(C)C
C04582	CSC[C@H]([C@H](C(=O)COP(=O)(O)O)O)O
C00093	C([C@H](COP(=O)(O)O)O)O
C16529	CCCCCCCCCCCCCCCCCCCCCCCC(=O)SCCNC(=O)CCNC(=O)[C@@H](C(C)(C)COP(=O)(O)OP(=O)(O)OC[C@@H]1[C@H]([C@H]([C@@H](O1)N2C=NC3=C(N=CN=C32)N)O)OP(=O)(O)O)O
C16532	CCCCCCCC/C=C\CCCCCCCCCCCCCC(=O)SCCNC(=O)CCNC(=O)[C@@H](C(C)(C)COP(=O)(O)OP(=O)(O)OC[C@@H]1[C@H]([C@H]([C@@H](O1)N2C=NC3=C(N=CN=C32)N)O)OP(=O)(O)O)O
C16167	CC/C=C\C/C=C\C/C=C\C/C=C\C/C=C\CCCCCCCC(=O)SCCNC(=O)CCNC(=O)[C@@H](C(C)(C)COP(=O)(O)OP(=O)(O)OC[C@@H]1[C@H]([C@H]([C@@H](O1)N2C=NC3=C(N=CN=C32)N)O)OP(=O)(O)O)O
C16168	CC/C=C\C/C=C\C/C=C\C/C=C\C/C=C\C/C=C\CCCCC(=O)SCCNC(=O)CCNC(=O)[C@@H](C(C)(C)COP(=O)(O)OP(=O)(O)OC[C@@H]1[C@H]([C@H]([C@@H](O1)N2C=NC3=C(N=CN=C32)N)O)OP(=O)(O)O)O
C02050	CCCCC/C=C\C/C=C\CCCCCCCC(=O)SCCNC(=O)CCNC(=O)[C@@H](C(C)(C)COP(=O)(O)OP(=O)(O)OC[C@@H]1[C@H]([C@H]([C@@H](O1)N2C=NC3=C(N=CN=C32)N)O)OP(=O)(O)O)O
C16171	CCCCC/C=C\C/C=C\C/C=C\C/C=C\CCCCCCCC(=O)SCCNC(=O)CCNC(=O)[C@@H](C(C)(C)COP(=O)(O)OP(=O)(O)OC[C@@H]1[C@H]([C@H]([C@@H](O1)N2C=NC3=C(N=CN=C32)N)O)OP(=O)(O)O)O
C16172	CCCCC/C=C\C/C=C\C/C=C\C/C=C\C/C=C\CCCCC(=O)SCCNC(=O)CCNC(=O)[C@@H](C(C)(C)COP(=O)(O)OP(=O)(O)OC[C@@H]1[C@H]([C@H]([C@@H](O1)N2C=NC3=C(N=CN=C32)N)O)OP(=O)(O)O)O
C15816	CC1[C@@H]2CCC3=C([C@]2(CCC1=O)C)CC[C@]4(C3CCC4[C@H](C)CCC=C(C)C)C
C05103	C[C@H]1[C@@H]2CCC3=C([C@]2(CC[C@@H]1O)C)CC[C@]4(C3CCC4[C@H](C)CCC=C(C)C)C
C00523	C[C@]12CC[C@H](C[C@@H]1CC[C@@H]3[C@@H]2CC[C@]4([C@H]3CCC4=O)C)O
C00455	C1=CC(=C[N+](=C1)[C@H]2[C@@H]([C@@H]([C@H](O2)COP(=O)(O)[O-])O)O)C(=O)N
C00020	C1=NC(=C2C(=N1)N(C=N2)[C@H]3[C@@H]([C@@H]([C@H](O3)COP(=O)(O)O)O)O)N
C00122	C(=C/C(=O)O)\C(=O)O
C04677	C1=NC(=C(N1[C@H]2[C@@H]([C@@H]([C@H](O2)COP(=O)(O)O)O)O)N)C(=O)N
C14849	C1=CC2=C3C(=C1)C=CC4=C3C(=CC5=C4C6C(O6)C=C5)C=C2
C00091	CC(C)(COP(=O)(O)OP(=O)(O)OC[C@@H]1[C@H]([C@H]([C@@H](O1)N2C=NC3=C(N=CN=C32)N)O)OP(=O)(O)O)[C@H](C(=O)NCCC(=O)NCCSC(=O)CCC(=O)O)O
C01755	C(#N)S
C16216	CCCCCCCCCCCCCCCC(=O)CC(=O)SCCNC(=O)CCNC(=O)[C@@H](C(C)(C)COP(=O)(O)OP(=O)(O)OC[C@@H]1[C@H]([C@H]([C@@H](O1)N2C=NC3=C(N=CN=C32)N)O)OP(=O)(O)O)O
C00836	CCCCCCCCCCCCCCC[C@H]([C@H](CO)N)O
C05258	CCCCCCCCCCCCC[C@@H](CC(=O)SCCNC(=O)CCNC(=O)[C@@H](C(C)(C)COP(=O)(O)OP(=O)(O)OC[C@@H]1[C@H]([C@H]([C@@H](O1)N2C=NC3=C(N=CN=C32)N)O)OP(=O)(O)O)O)O
C05260	CCCCCCCCCCC[C@@H](CC(=O)SCCNC(=O)CCNC(=O)[C@@H](C(C)(C)COP(=O)(O)OP(=O)(O)OC[C@@H]1[C@H]([C@H]([C@@H](O1)N2C=NC3=C(N=CN=C32)N)O)OP(=O)(O)O)O)O
C05262	CCCCCCCCC[C@@H](CC(=O)SCCNC(=O)CCNC(=O)[C@@H](C(C)(C)COP(=O)(O)OP(=O)(O)OC[C@@H]1[C@H]([C@H]([C@@H](O1)N2C=NC3=C(N=CN=C32)N)O)OP(=O)(O)O)O)O
C05264	CCCCCCC[C@@H](CC(=O)SCCNC(=O)CCNC(=O)[C@@H](C(C)(C)COP(=O)(O)OP(=O)(O)OC[C@@H]1[C@H]([C@H]([C@@H](O1)N2C=NC3=C(N=CN=C32)N)O)OP(=O)(O)O)O)O
C05266	CCCCC[C@@H](CC(=O)SCCNC(=O)CCNC(=O)[C@@H](C(C)(C)COP(=O)(O)OP(=O)(O)OC[C@@H]1[C@H]([C@H]([C@@H](O1)N2C=NC3=C(N=CN=C32)N)O)OP(=O)(O)O)O)O
C05268	CCC[C@@H](CC(=O)SCCNC(=O)CCNC(=O)[C@@H](C(C)(C)COP(=O)(O)OP(=O)(O)OC[C@@H]1[C@H]([C@H]([C@@H](O1)N2C=NC3=C(N=CN=C32)N)O)OP(=O)(O)O)O)O
C05450	C[C@H](CCC(C(C)C(=O)SCCNC(=O)CCNC(=O)[C@@H](C(C)(C)COP(=O)(O)OP(=O)(O)OC[C@@H]1[C@H]([C@H]([C@@H](O1)N2C=NC3=C(N=CN=C32)N)O)OP(=O)(O)O)O)O)[C@H]4CC[C@@H]5[C@@]4([C@H](C[C@H]6[C@H]5[C@@H](C[C@H]7[C@@]6(CC[C@H](C7)O)C)O)O)C
C00018	CC1=NC=C(C(=C1O)C=O)COP(=O)(O)O
C00647	CC1=NC=C(C(=C1O)CN)COP(=O)(O)O
C03373	C1=C(N(C=N1)[C@H]2[C@@H]([C@@H]([C@H](O2)COP(=O)(O)O)O)O)N
C13482	CN(C)CCOP(=O)(O)O
C04874	C1C(=NC2=C(N1)N=C(NC2=O)N)[C@@H]([C@@H](CO)O)O
C00546	CC(=O)C=O
C00160	C(C(=O)O)O
C00121	C([C@@H]1[C@H]([C@H](C(O1)O)O)O)O
C07086	C1=CC=C(C=C1)CC(=O)O
C05580	C1=CC(=C(C=C1C(C(=O)O)O)O)O
C05582	COC1=C(C=CC(=C1)CC(=O)O)O
C05584	COC1=C(C=CC(=C1)C(C(=O)O)O)O
C18043	C[C@H](CCCC(C)C)[C@H]1CC[C@@H]2[C@@]1(CC[C@H]3[C@H]2CC=C4[C@@]3(CC[C@@H](C4)OS(=O)(=O)O)C)C
C18044	CC(=O)[C@H]1CC[C@@H]2[C@@]1(CC[C@H]3[C@H]2CC=C4[C@@]3(CC[C@@H](C4)OS(=O)(=O)O)C)C
C11301	C[C@H](CCC(=O)NCC(=O)O)[C@H]1CC[C@@H]2[C@@]1(CC[C@H]3[C@H]2CC[C@H]4[C@@]3(CC[C@H](C4)OS(=O)(=O)[O-])C)C
C00043	CC(=O)N[C@@H]1[C@H]([C@@H]([C@H](O[C@@H]1OP(=O)(O)OP(=O)(O)OC[C@@H]2[C@H]([C@H]([C@@H](O2)N3C=CC(=O)NC3=O)O)O)CO)O)O
C00105	C1=CN(C(=O)NC1=O)[C@H]2[C@@H]([C@@H]([C@H](O2)COP(=O)(O)O)O)O
C01829	C1=C(C=C(C(=C1I)OC2=CC(=C(C(=C2)I)O)I)I)C[C@@H](C(=O)O)N
C07639	C1=CC(=C(C=C1C[C@@H](C(=O)O)N)I)OC2=CC(=C(C(=C2)I)O)I
C14828	CCCCC/C=C\CC(C(CCCCCCCC(=O)O)O)O
C14829	CCCCCC(C(C/C=C\CCCCCCCC(=O)O)O)O
C00486	CC1=C(NC(=C1CCC(=O)O)CC2=C(C(=C(N2)/C=C\3/C(=C(C(=O)N3)C)C=C)C)CCC(=O)O)/C=C\4/C(=C(C(=O)N4)C=C)C
C00951	C[C@]12CC[C@H]3[C@H]([C@@H]1CC[C@@H]2O)CCC4=C3C=CC(=C4)O
C00535	C[C@]12CC[C@H]3[C@H]([C@@H]1CC[C@@H]2O)CCC4=CC(=O)CC[C@]34C
C00468	C[C@]12CC[C@H]3[C@H]([C@@H]1CCC2=O)CCC4=C3C=CC(=C4)O
C04373	C[C@]12CC[C@H](C[C@H]1CC[C@@H]3[C@@H]2CC[C@]4([C@H]3CCC4=O)C)O
C05141	C[C@]12CC[C@H]3[C@H]([C@@H]1C[C@H]([C@@H]2O)O)CCC4=C3C=CC(=C4)O
C16677	CC1=C(C(CCC1O)(C)C)/C=C/C(=C/C=C/C(=C/C(=O)O)/C)/C
C00777	CC1=C(C(CCC1)(C)C)/C=C/C(=C/C=C/C(=C/C(=O)O)/C)/C
C07490	C(C(Cl)(Cl)Cl)O
C19574	CN(CCCC(C1=CN=CC=C1)O)N=O
C03374	CC1=C(NC(=C1CCC(=O)O)CC2=C(C(=C(N2)/C=C\3/C(=C(C(=O)N3)C)C=C)C)CCC(=O)O[C@H]4[C@@H]([C@H]([C@@H]([C@H](O4)C(=O)O)O)O)O)/C=C\5/C(=C(C(=O)N5)C=C)C
C01176	CC(=O)[C@]1(CC[C@@H]2[C@@]1(CC[C@H]3[C@H]2CCC4=CC(=O)CC[C@]34C)C)O
C00695	C[C@H](CCC(=O)O)[C@H]1CC[C@@H]2[C@@]1([C@H](C[C@H]3[C@H]2[C@@H](C[C@H]4[C@@]3(CC[C@H](C4)O)C)O)O)C
C02528	C[C@H](CCC(=O)O)[C@H]1CC[C@@H]2[C@@]1(CC[C@H]3[C@H]2[C@@H](C[C@H]4[C@@]3(CC[C@H](C4)O)C)O)C
C04483	C[C@H](CCC(=O)O)[C@H]1CC[C@@H]2[C@@]1([C@H](C[C@H]3[C@H]2CC[C@H]4[C@@]3(CC[C@H](C4)O)C)O)C
C15517	C[C@H](CCC(=O)O)[C@H]1CC[C@@H]2[C@@]1(CC[C@H]3[C@H]2C[C@@H]([C@H]4[C@@]3(CC[C@H](C4)O)C)O)C
C03990	C[C@H](CCC(=O)O)[C@H]1CC[C@@H]2[C@@]1(CC[C@H]3[C@H]2CC[C@H]4[C@@]3(CC[C@H](C4)O)C)C
C00243	C([C@@H]1[C@@H]([C@@H]([C@H]([C@@H](O1)O[C@@H]2[C@H](OC([C@@H]([C@H]2O)O)O)CO)O)O)O)O
C00429	C1CNC(=O)NC1=O
C00683	C[C@@H](C(=O)O)C(=O)SCCNC(=O)CCNC(=O)[C@@H](C(C)(C)COP(=O)(O)OP(=O)(O)OC[C@@H]1[C@H]([C@H]([C@@H](O1)N2C=NC3=C(N=CN=C32)N)O)OP(=O)(O)O)O
C04794	CC(=O)N[C@@H]1[C@H]([C@@H]([C@H](O[C@H]1O)CO)O)O[C@H]2[C@@H]([C@H](C=C(O2)C(=O)O)O)O
C03232	C(C(=O)C(=O)O)OP(=O)(O)O
C00664	C1[C@@H](N(C2=C(N1)N=C(NC2=O)N)C=N)CNC3=CC=C(C=C3)C(=O)N[C@@H](CCC(=O)O)C(=O)O
C02944	CCCCCCCC/C=C\CC(=O)SCCNC(=O)CCNC(=O)[C@@H](C(C)(C)COP(=O)(O)OP(=O)(O)OC[C@@H]1[C@H]([C@H]([C@@H](O1)N2C=NC3=C(N=CN=C32)N)O)OP(=O)(O)O)O
C05280	CCCCC/C=C\C/C=C\CC(=O)SCCNC(=O)CCNC(=O)[C@@H](C(C)(C)COP(=O)(O)OP(=O)(O)OC[C@@H]1[C@H]([C@H]([C@@H](O1)N2C=NC3=C(N=CN=C32)N)O)OP(=O)(O)O)O
C05520	C(CC(=O)O)C(=O)C(C(=O)O)N
C00506	C([C@@H](C(=O)O)N)S(=O)(=O)O
C05259	CCCCCCCCCCCCCC(=O)CC(=O)SCCNC(=O)CCNC(=O)[C@@H](C(C)(C)COP(=O)(O)OP(=O)(O)OC[C@@H]1[C@H]([C@H]([C@@H](O1)N2C=NC3=C(N=CN=C32)N)O)OP(=O)(O)O)O
C05261	CCCCCCCCCCCC(=O)CC(=O)SCCNC(=O)CCNC(=O)[C@@H](C(C)(C)COP(=O)(O)OP(=O)(O)OC[C@@H]1[C@H]([C@H]([C@@H](O1)N2C=NC3=C(N=CN=C32)N)O)OP(=O)(O)O)O
C05263	CCCCCCCCCC(=O)CC(=O)SCCNC(=O)CCNC(=O)[C@@H](C(C)(C)COP(=O)(O)OP(=O)(O)OC[C@@H]1[C@H]([C@H]([C@@H](O1)N2C=NC3=C(N=CN=C32)N)O)OP(=O)(O)O)O
C05265	CCCCCCCC(=O)CC(=O)SCCNC(=O)CCNC(=O)[C@@H](C(C)(C)COP(=O)(O)OP(=O)(O)OC[C@@H]1[C@H]([C@H]([C@@H](O1)N2C=NC3=C(N=CN=C32)N)O)OP(=O)(O)O)O
C05267	CCCCCC(=O)CC(=O)SCCNC(=O)CCNC(=O)[C@@H](C(C)(C)COP(=O)(O)OP(=O)(O)OC[C@@H]1[C@H]([C@H]([C@@H](O1)N2C=NC3=C(N=CN=C32)N)O)OP(=O)(O)O)O
C05269	CCCC(=O)CC(=O)SCCNC(=O)CCNC(=O)[C@@H](C(C)(C)COP(=O)(O)OP(=O)(O)OC[C@@H]1[C@H]([C@H]([C@@H](O1)N2C=NC3=C(N=CN=C32)N)O)OP(=O)(O)O)O
C05467	C[C@H](CCC(=O)C(C)C(=O)SCCNC(=O)CCNC(=O)[C@@H](C(C)(C)COP(=O)(O)OP(=O)(O)OC[C@@H]1[C@H]([C@H]([C@@H](O1)N2C=NC3=C(N=CN=C32)N)O)OP(=O)(O)O)O)[C@H]4CC[C@@H]5[C@@]4([C@H](C[C@H]6[C@H]5[C@@H](C[C@H]7[C@@]6(CC[C@H](C7)O)C)O)O)C
C00349	CC(C=O)C(=O)O
C00906	CC1CNC(=O)NC1=O
C02567	CC(=O)NCCCNCCCCNCCCN
C00612	CC(=O)NCCCNCCCCN
C00672	C1[C@@H]([C@H](O[C@@H]1OP(=O)(O)O)CO)O
C00620	C([C@@H]1[C@H]([C@H]([C@H](O1)OP(=O)(O)O)O)O)O
C01185	C1=CC(=C[N+](=C1)[C@H]2[C@@H]([C@@H]([C@H](O2)COP(=O)(O)O)O)O)C(=O)O
C05947	C([C@@H](C(=O)O)N)[C@H](C(=O)O)O
C05394	C([C@@H]1[C@@H](C(=O)[C@H]([C@@H](O1)O)O)O)O
C01530	CCCCCCCCCCCCCCCCCC(=O)O
C06425	CCCCCCCCCCCCCCCCCCCC(=O)O
C08281	CCCCCCCCCCCCCCCCCCCCCC(=O)O
C08320	CCCCCCCCCCCCCCCCCCCCCCCC(=O)O
C05922	C([C@@H]1[C@H]([C@H]([C@@H](O1)NC2=C(C(=O)NC(=N2)N)NC=O)O)O)OP(=O)(O)OP(=O)(O)OP(=O)(O)O
C00345	C([C@H]([C@H]([C@@H]([C@H](C(=O)O)O)O)O)O)OP(=O)(O)O
C00257	C([C@H]([C@H]([C@@H]([C@H](C(=O)O)O)O)O)O)O
C00725	C1CSSC1CCCCC(=O)O
C04489	CN1[C@H](CNC2=C1C(=O)NC(=N2)N)CNC3=CC=C(C=C3)C(=O)N[C@@H](CCC(=O)N[C@@H](CCC(=O)N[C@@H](CCC(=O)O)C(=O)O)C(=O)O)C(=O)O
C05698	C(C[SeH])[C@@H](C(=O)O)N
C00234	C1[C@@H](NC2=C(N1)N=C(NC2=O)N)CN(C=O)C3=CC=C(C=C3)C(=O)N[C@@H](CCC(=O)O)C(=O)O
C03838	C([C@@H]1[C@H]([C@H]([C@@H](O1)NC(=O)CN)O)O)OP(=O)(O)O
C04734	C1=NC(=C(N1[C@H]2[C@@H]([C@@H]([C@H](O2)COP(=O)(O)O)O)O)NC=O)C(=O)N
C03939	CC(=O)S
C05747	CCC[C@H](CC(=O)S)O
C05757	CCCCCCCCC[C@H](CC(=O)S)O
C05223	CCCCCCCCCCCC(=O)S
C00212	C1=NC(=C2C(=N1)N(C=N2)[C@H]3[C@@H]([C@@H]([C@H](O3)CO)O)O)N
C00294	C1=NC2=C(C(=O)N1)N=CN2[C@H]3[C@@H]([C@@H]([C@H](O3)CO)O)O
C00746	CC[C@H](C)[C@H]1C(=O)N[C@H](C(=O)N[C@H](C(=O)N[C@@H](CSSC[C@@H](C(=O)N[C@H](C(=O)N1)CC2=CC=C(C=C2)O)N)C(=O)N3CCC[C@H]3C(=O)N[C@@H](CC(C)C)C(=O)NCC(=O)N)CC(=O)N)CCC(=O)N
C00954	C1=CC=C2C(=C1)C(=CN2)CC(=O)O
C00355	C1=CC(=C(C=C1C[C@@H](C(=O)O)N)O)O
C09642	C[C@H]1C2=CC(=C(C=C2CCN1)O)O
C05576	C1=CC(=C(C=C1C(CO)O)O)O
C01161	C1=CC(=C(C=C1CC(=O)O)O)O
C05302	C[C@]12CC[C@H]3[C@H]([C@@H]1CC[C@@H]2O)CCC4=CC(=C(C=C34)OC)O
C05299	C[C@]12CC[C@H]3[C@H]([C@@H]1CCC2=O)CCC4=CC(=C(C=C34)OC)O
C01586	C1=CC=C(C=C1)C(=O)NCC(=O)O
C07712	C[C@H](CC[C@H](C(C)(C)O)O)[C@H]1CC[C@@H]\2[C@@]1(CCC/C2=C\C=C/3\C[C@H](CCC3=C)O)C
C00398	C1=CC=C2C(=C1)C(=CN2)CCN
C01031	C(CC(=O)N[C@@H](CSC=O)C(=O)NCC(=O)O)[C@@H](C(=O)O)N
C01227	C[C@]12CC[C@H]3[C@H]([C@@H]1CCC2=O)CC=C4[C@@]3(CC[C@@H](C4)O)C
C00986	C(CN)CN
C15668	C1CC=NC1
C03722	C1=CC(=C(N=C1)C(=O)O)C(=O)O
C00517	CCCCCCCCCCCCCCCC=O
C06124	CCCCCCCCCCCCC/C=C/[C@H]([C@H](COP(=O)(O)O)N)O
C04823	C1=NC(=C(N1[C@H]2[C@@H]([C@@H]([C@H](O2)COP(=O)(O)O)O)O)N)C(=O)N[C@@H](CC(=O)O)C(=O)O
C00408	C1CCN[C@@H](C1)C(=O)O
C00448	CC(=CCC/C(=C/CC/C(=C/COP(=O)(O)OP(=O)(O)O)/C)/C)C
C13856	CCCCC/C=C\C/C=C\C/C=C\C/C=C\CCCC(=O)OC(CO)CO
C05977	C([C@H](COP(=O)(O)O)OC=O)O
C00099	C(CN)C(=O)O
C02355	C1=CN(C(=O)NC1=O)[C@H]2[C@H]3[C@@H]([C@H](O2)CO)OP(=O)(O3)O
C01368	C1=CN(C(=O)NC1=O)[C@H]2[C@@H]([C@@H]([C@H](O2)CO)OP(=O)(O)O)O
C01177	[C@H]1([C@H](C([C@@H]([C@@H](C1O)O)O)OP(=O)(O)O)O)O
C00123	CC(C)C[C@@H](C(=O)O)N
C00328	C1=CC=C(C(=C1)C(=O)C[C@@H](C(=O)O)N)N
C05108	C[C@H](CCC=C(C)C)[C@H]1CCC2[C@@]1(CCC3=C2CC[C@@H]4[C@@]3(CC[C@@H](C4(C)C)O)C)C
C06148	C(C(C(C(=O)CNC1=C(C(=O)NC(=N1)N)N)O)O)OP(=O)(O)OP(=O)(O)OP(=O)(O)O
C05923	C([C@@H]1[C@H]([C@H]([C@@H](O1)NC2=C(C(=O)NC(=N2)N)N)O)O)OP(=O)(O)OP(=O)(O)OP(=O)(O)O
C04751	C1=NC(=C(N1[C@H]2[C@@H]([C@@H]([C@H](O2)COP(=O)(O)O)O)O)N)C(=O)O
C03492	CC(C)(COP(=O)(O)O)[C@H](C(=O)NCCC(=O)O)O
C00888	CCCCC(=O)SCCNC(=O)CCNC(=O)[C@@H](C(C)(C)COP(=O)(O)OP(=O)(O)OC[C@@H]1[C@H]([C@H]([C@@H](O1)N2C=NC3=C(N=CN=C32)N)O)OP(=O)(O)O)O
C02166	CCCCC/C=C\C/C=C\C=C\C=C\[C@H]([C@H](CCCC(=O)O)O)SC[C@@H](C(=O)NCC(=O)O)NC(=O)CC[C@@H](C(=O)O)N
C05951	CCCCC/C=C\C/C=C\C=C\C=C\[C@H]([C@H](CCCC(=O)O)O)SC[C@@H](C(=O)NCC(=O)O)N
C05711	C(CC(=O)N[C@@H](CC#N)C(=O)O)[C@@H](C(=O)O)N
C02512	C(C#N)[C@@H](C(=O)O)N
C05933	C(C[C@@H](C(=O)O)N)CN=C(N)NO
C00795	C1[C@H]([C@@H]([C@@H](C(O1)(CO)O)O)O)O
C06222	C([C@H]([C@H]([C@H]([C@@H](C(=O)COP(=O)(O)O)O)O)O)O)O
C00170	CSC[C@@H]1[C@H]([C@H]([C@@H](O1)N2C=NC3=C(N=CN=C32)N)O)O
C00415	C1C(=NC2=C(N1)N=C(NC2=O)N)CNC3=CC=C(C=C3)C(=O)N[C@@H](CCC(=O)O)C(=O)O
C06424	CCCCCCCCCCCCCC(=O)O
C00190	C1[C@H]([C@@H]([C@H]([C@H](O1)OP(=O)(O)OP(=O)(O)OC[C@@H]2[C@H]([C@H](C(O2)N3C=CC(=O)NC3=O)O)O)O)O)O
C19691	CC(=CCC/C(=C/CC/C(=C/CSC[C@@H](C(=O)O)N)/C)/C)C
C01019	C[C@H]1[C@H]([C@H]([C@@H](C(O1)O)O)O)O
C02985	C[C@H]1[C@H]([C@H]([C@@H]([C@H](O1)OP(=O)(O)O)O)O)O
C00636	C([C@@H]1[C@H]([C@@H]([C@@H]([C@H](O1)OP(=O)(O)O)O)O)O)O
C04352	CC(C)(COP(=O)(O)O)[C@H](C(=O)NCCC(=O)N[C@@H](CS)C(=O)O)O
C14827	CCCCC/C=C\C=C\[C@H](CCCCCCCC(=O)O)OO
C00219	CCCCC/C=C\C/C=C\C/C=C\C/C=C\CCCC(=O)O
C05956	CCCCC[C@@H](/C=C/[C@H]1[C@H]2C[C@@H]([C@@H]1C/C=C\CCCC(=O)O)OO2)OO
C07296	CC(C)CCCC(C)CCCC(C)CCC(=O)SCCNC(=O)CCNC(=O)[C@@H](C(C)(C)COP(=O)(O)OP(=O)(O)OC[C@@H]1[C@H]([C@H]([C@@H](O1)N2C=NC3=C(N=CN=C32)N)O)OP(=O)(O)O)O
C17343	C[C@H](CCC[C@H](C)C(=O)SCCNC(=O)CCNC(=O)[C@@H](C(C)(C)COP(=O)(O)OP(=O)(O)OC[C@@H]1[C@H]([C@H]([C@@H](O1)N2C=NC3=C(N=CN=C32)N)O)OP(=O)(O)O)O)[C@H]4CC[C@@H]5[C@@]4([C@H](C[C@H]6[C@H]5[C@@H](C[C@H]7[C@@]6(CC[C@H](C7)O)C)O)O)C
C00300	CN(CC(=O)O)C(=N)N
C01169	C(CCC(=O)N)CC(CCSC(=O)CCC(=O)O)S
C00579	C(CCC(=O)N)CC(CCS)S
C00460	C1[C@@H]([C@H](O[C@H]1N2C=CC(=O)NC2=O)COP(=O)(O)OP(=O)(O)OP(=O)(O)O)O
C01345	C1[C@@H]([C@H](O[C@H]1N2C=NC3=C2N=CNC3=O)COP(=O)(O)OP(=O)(O)OP(=O)(O)O)O
C00576	C[N+](C)(C)CC=O
C01168	C1=C(C(=O)NC(=O)N1)[C@H]2[C@@H]([C@@H]([C@H](O2)COP(=O)(O)O)O)O
C00881	C1[C@@H]([C@H](O[C@H]1N2C=CC(=NC2=O)N)CO)O
C08362	CCCCCC/C=C\CCCCCCCC(=O)O
C00712	CCCCCCCC/C=C\CCCCCCCC(=O)O
C01342	[NH4+]
C03428	CC(=CCC/C(=C/CC/C(=C/[C@@H]1[C@H]([C@]1(C)CC/C=C(\C)/CCC=C(C)C)COP(=O)(O)OP(=O)(O)O)/C)/C)C
C00708	[I-]
C02515	C1=CC(=C(C=C1C[C@@H](C(=O)O)N)I)O
C01382	II
C01060	C1=C(C=C(C(=C1I)O)I)C[C@@H](C(=O)O)N
C02170	CC(C(=O)O)C(=O)O
C00780	C1=CC2=C(C=C1O)C(=CN2)CCN
C06212	CNCCC1=CNC2=C1C=C(C=C2)O
C08299	CN(C)CCC1=CNC2=C1C=C(C=C2)O
C00531	CC(C)(COP(=O)(O)OP(=O)(O)OC[C@@H]1[C@H]([C@H]([C@@H](O1)N2C=NC3=C(N=CN=C32)N)O)OP(=O)(O)O)[C@H](C(=O)NCCC(=O)NCCSC(=O)CC(=C)C(=O)O)O
C06028	C/C(=C\C(=O)O)/C(=O)SCCNC(=O)CCNC(=O)[C@@H](C(C)(C)COP(=O)(O)OP(=O)(O)OC[C@@H]1[C@H]([C@H]([C@@H](O1)N2C=NC3=C(N=CN=C32)N)O)OP(=O)(O)O)O
C02999	C[C@H](C(=O)O)NC(=O)[C@@H](C)O[C@@H]1[C@H]([C@H](O[C@@H]([C@H]1O)CO)O)NC(=O)C
C05689	C[Se]C[C@@H](C(=O)O)N
C01136	CC(=O)SC(CCCCC(=O)N)CCS
C01222	C[C@@H]1C(=O)[C@@H]([C@@H]([C@H](O1)OP(=O)(O)OP(=O)(O)OC[C@@H]2[C@H]([C@H]([C@@H](O2)N3C=NC4=C3N=C(NC4=O)N)O)O)O)O
C00169	C(=O)(N)OP(=O)(O)O
C04188	CSC[C@@H]1[C@H]([C@H]([C@H](O1)OP(=O)(O)O)O)O
C00065	C([C@@H](C(=O)O)N)O
C02700	C1=CC=C(C(=C1)C(=O)C[C@@H](C(=O)O)N)NC=O
C05653	C1=CC=C(C(=C1)C(=O)O)NC=O
C05648	C1=CC(=C(C=C1O)C(=O)C[C@@H](C(=O)O)N)NC=O
C19589	COC1=C2C3=C(C(=O)CC3)C(=O)OC2=C(C(=C1)O)[C@@H](C=O)[C@H](C=O)O
C19591	COC1=C2C3=C(C(=O)CC3)C(=O)OC2=C(C(=C1)O)C(CO)C(C=O)O
C19592	COC1=C2C3=C(C(=O)CC3)C(=O)OC2=C(C(=C1)O)C(C=O)C(CO)O
C00153	C1=CC(=CN=C1)C(=O)N
C01330	[Na+]
C00670	C[N+](C)(C)CCOP(=O)(O)OC[C@@H](CO)O
C01233	C(COP(=O)(O)OC[C@@H](CO)O)N
C21730	C(CCNC(=O)CC[C@@H](C(=O)O)N)C[C@@H](C(=O)O)N
C02838	CCCCCCCC(=O)O[C@H](CC(=O)[O-])C[N+](C)(C)C
C03958	C1C[C@H](N(C1)C(=O)[C@H](CC2=CN=CN2)NC(=O)[C@@H]3CCC(=O)N3)C(=O)N
C01107	C[C@@](CCOP(=O)(O)O)(CC(=O)O)O
C03090	C([C@@H]1[C@H]([C@H]([C@@H](O1)N)O)O)OP(=O)(O)O
C01013	C(CO)C(=O)O
C04376	C([C@@H]1[C@H]([C@H]([C@@H](O1)NC(=O)CNC=O)O)O)OP(=O)(O)O
C00439	C(CC(=O)O)[C@@H](C(=O)O)N=CN
C03912	C1C[C@H](N=C1)C(=O)O
C01165	C(C[C@@H](C(=O)O)N)C=O
C04281	C1[C@H](C=N[C@@H]1C(=O)O)O
C05938	C([C@H](C=O)O)[C@@H](C(=O)O)N
C00386	C1=C(NC=N1)C[C@@H](C(=O)O)NC(=O)CCN
C00785	C1=C(NC=N1)/C=C/C(=O)O
C05448	C[C@H](CC[C@H]([C@@H](C)C(=O)SCCNC(=O)CCNC(=O)[C@@H](C(C)(C)COP(=O)(O)OP(=O)(O)OC[C@@H]1[C@H]([C@H]([C@@H](O1)N2C=NC3=C(N=CN=C32)N)O)OP(=O)(O)O)O)O)[C@H]4CC[C@@H]5[C@@]4(CC[C@H]6[C@H]5[C@@H](C[C@H]7[C@@]6(CC[C@H](C7)O)C)O)C
C05454	C[C@H](CCCC(C)C)[C@H]1CC[C@@H]2[C@@]1([C@H](C[C@H]3[C@H]2[C@@H](C[C@H]4[C@@]3(CC[C@H](C4)O)C)O)O)C
C05446	C[C@H](CCCC(C)CO)[C@H]1CC[C@@H]2[C@@]1([C@H](C[C@H]3[C@H]2[C@@H](C[C@H]4[C@@]3(CC[C@H](C4)O)C)O)O)C
C05643	CC(=O)NCCC1=CNC2=CC(=C(C=C21)OC)O
C05443	C[C@H](CCCC(C)C)[C@H]1CC[C@@H]\2[C@@]1(CCC/C2=C\C=C/3\C[C@H](CCC3=C)O)C
C01561	C[C@H](CCCC(C)(C)O)[C@H]1CC[C@@H]\2[C@@]1(CCC/C2=C\C=C/3\C[C@H](CCC3=C)O)C
C18231	C[C@H](CC[C@H](C(C)(C)O)O)[C@H]1CC[C@@H]\2[C@@]1(CCC/C2=C\C=C/3\C[C@H](C[C@@H](C3=C)O)O)C
C13650	C1CN(CC2=CC=CC=C21)C(=N)N
C07324	CC1=CN=C(C(=C1OC)C)CS(=O)C2=NC3=C(N2)C=C(C=C3)OC
C00521	CC1=CC[C@H](CC1)C(=C)C
C05665	C(CN)C=O
C02670	C(=O)[C@@H]([C@@H]1[C@@H]([C@@H](C(=O)O1)O)O)O
C05936	CC(=O)NCCCC=O
C01159	C([C@H](C(=O)O)OP(=O)(O)O)OP(=O)(O)O
C00794	C([C@H]([C@H]([C@@H]([C@H](CO)O)O)O)O)O
C00191	[C@@H]1([C@@H]([C@H](OC([C@@H]1O)O)C(=O)O)O)O
C00618	C([C@@H]([C@H](C(=O)[C@@H](C(=O)O)O)O)O)O
C00309	C1[C@H]([C@H](C(O1)(CO)O)O)O
C00207	CC(=O)C
C05235	CC(=O)CO
C00583	CC(CO)O
C03561	C[C@H](CC(=O)SCCNC(=O)CCNC(=O)[C@@H](C(C)(C)COP(=O)(O)OP(=O)(O)OC[C@@H]1[C@H]([C@H]([C@@H](O1)N2C=NC3=C(N=CN=C32)N)O)OP(=O)(O)O)O)O
C00014	N
C04640	C([C@@H]1[C@H]([C@H]([C@@H](O1)/N=C(/CNC=O)\N)O)O)OP(=O)(O)O
C00049	C([C@@H](C(=O)O)N)C(=O)O
C01205	C[C@H](CN)C(=O)O
C00365	C1[C@@H]([C@H](O[C@H]1N2C=CC(=O)NC2=O)COP(=O)(O)O)O
C03287	C(CC(=O)OP(=O)(O)O)[C@@H](C(=O)O)N
C03508	CC(=O)[C@@H](C(=O)O)N
C00114	C[N+](C)(C)CCO
C03680	C1=NC(C(=O)N1)CCC(=O)O
C00449	C(CCN[C@@H](CCC(=O)O)C(=O)O)C[C@@H](C(=O)O)N
C03793	C[N+](C)(C)CCCC[C@@H](C(=O)[O-])N
C01149	C[N+](C)(C)CCCC=O
C14180	C(CC(=O)N[C@@H](CSCO)C(=O)NCC(=O)O)[C@@H](C(=O)O)N
C05585	C1=CC(=C(C=C1O)C=O)O
C04424	CC(C)C(=O)SCCC(CCCCC(=O)N)S
C05118	CCC(C)C(=O)SCCC(CCCCC(=O)N)S
C05119	CC(C)CC(=O)SCCC(CCCCC(=O)N)S
C03284	C[C@@H](CN)C(=O)O
C15650	CSCCC(=O)C(=O)COP(=O)(O)O
C05692	C1=NC(=C2C(=N1)N(C=N2)[C@H]3[C@@H]([C@@H]([C@H](O3)C[Se]CC[C@@H](C(=O)O)N)O)O)N
C06241	CC(=O)N[C@@H]1[C@H](CC(O[C@H]1[C@@H]([C@@H](COP(=O)(O)O)O)O)(C(=O)O)O)O
C00128	CC(=O)N[C@@H]1[C@H](C[C@](O[C@H]1[C@@H]([C@@H](CO)O)O)(C(=O)O)OP(=O)(O)OC[C@@H]2[C@H]([C@H]([C@@H](O2)N3C=CC(=NC3=O)N)O)O)O
C00621	CC(CC/C=C(/C)\CC/C=C(\C)/CC/C=C(\C)/CCC=C(C)C)CCOP(=O)(O)OP(=O)(O)O
C00110	CC(CC/C=C(/C)\CC/C=C(\C)/CC/C=C(\C)/CCC=C(C)C)CCOP(=O)(O)O
C00381	CC(CC/C=C(/C)\CC/C=C(\C)/CC/C=C(\C)/CCC=C(C)C)CCO
C04500	CC(CC/C=C(/C)\CC/C=C(\C)/CC/C=C(\C)/CCC=C(C)C)CCOP(=O)(O)OP(=O)(O)O[C@@H]1[C@@H]([C@H]([C@@H]([C@H](O1)CO)O)O)NC(=O)C
C00096	C1=NC2=C(N1[C@H]3[C@@H]([C@@H]([C@H](O3)COP(=O)(O)OP(=O)(O)O[C@@H]4[C@H]([C@H]([C@@H]([C@H](O4)CO)O)O)O)O)O)N=C(NC2=O)N
C04537	CC(CC/C=C(/C)\CC/C=C(\C)/CC/C=C(\C)/CCC=C(C)C)CCOP(=O)(O)OP(=O)(O)O[C@@H]1[C@@H]([C@H]([C@@H]([C@H](O1)CO)O[C@H]2[C@@H]([C@H]([C@@H]([C@H](O2)CO)O)O)NC(=O)C)O)NC(=O)C
C05860	CC(CC/C=C(/C)\CC/C=C(\C)/CC/C=C(\C)/CCC=C(C)C)CCOP(=O)(O)OP(=O)(O)O[C@@H]1[C@@H]([C@H]([C@@H]([C@H](O1)CO)O[C@H]2[C@@H]([C@H]([C@@H]([C@H](O2)CO)O[C@H]3[C@H]([C@H]([C@@H]([C@H](O3)CO)O)O)O)O)NC(=O)C)O)NC(=O)C
C05861	CC(CC/C=C(/C)\CC/C=C(\C)/CC/C=C(\C)/CCC=C(C)C)CCOP(=O)(O)OP(=O)(O)O[C@@H]1[C@@H]([C@H]([C@@H]([C@H](O1)CO)O[C@H]2[C@@H]([C@H]([C@@H]([C@H](O2)CO)O[C@H]3[C@H]([C@H]([C@@H]([C@H](O3)CO)O)O[C@@H]4[C@H]([C@H]([C@@H]([C@H](O4)CO)O)O)O)O)O)NC(=O)C)O)NC(=O)C
C03862	CC(CC/C=C(/C)\CC/C=C(\C)/CC/C=C(\C)/CCC=C(C)C)CCOP(=O)(O)O[C@H]1[C@H]([C@H]([C@@H]([C@H](O1)CO)O)O)O
C05864	CC(CC/C=C(/C)\CC/C=C(\C)/CC/C=C(\C)/CCC=C(C)C)CCOP(=O)(O)OP(=O)(O)O[C@@H]1[C@@H]([C@H]([C@@H]([C@H](O1)CO)O[C@H]2[C@@H]([C@H]([C@@H]([C@H](O2)CO)O[C@H]3[C@H]([C@H]([C@@H]([C@H](O3)CO[C@@H]4[C@H]([C@H]([C@@H]([C@H](O4)CO)O)O)O)O)O[C@@H]5[C@H]([C@H]([C@@H]([C@H](O5)CO)O)O)O[C@@H]6[C@H]([C@H]([C@@H]([C@H](O6)CO)O)O)O[C@@H]7[C@H]([C@H]([C@@H]([C@H](O7)CO)O)O)O)O)O)NC(=O)C)O)NC(=O)C
C01246	CC(CC/C=C(/C)\CC/C=C(\C)/CC/C=C(\C)/CCC=C(C)C)CCOP(=O)(O)O[C@H]1[C@@H]([C@H]([C@@H]([C@H](O1)CO)O)O)O
C01201	C1=NC(=C2C(=N1)N(C=N2)[C@H]3[C@@H]([C@@H]([C@H](O3)COP(=O)(O)OP(=O)(O)OC[C@@H]4[C@H]([C@H]([C@H](O4)NC(=NCCC[C@@H](C(=O)O)N)N)O)O)O)O)N
C01011	C[C@](CC(=O)SCCNC(=O)CCNC(=O)[C@@H](C(C)(C)COP(=O)(O)OP(=O)(O)OC[C@@H]1[C@H]([C@H]([C@@H](O1)N2C=NC3=C(N=CN=C32)N)O)OP(=O)(O)O)O)(C(=O)O)O
C04853	C(CC/C=C\C[C@H](/C=C/C=C/C=C\[C@H](CCCC(=O)O)O)O)CCO
C04654	CCCCCC(=O)/C=C/[C@H]1[C@@H](CC(=O)[C@@H]1CCCCCCC(=O)O)O
C02060	C[C@H](CCC[C@H](C)CCCC(C)C)CCC[C@H](C)CC(=O)SCCNC(=O)CCNC(=O)[C@@H](C(C)(C)COP(=O)(O)OP(=O)(O)OC[C@@H]1[C@H]([C@H]([C@@H](O1)N2C=NC3=C(N=CN=C32)N)O)OP(=O)(O)O)O
C01607	CC(C)CCCC(C)CCCC(C)CCCC(C)CC(=O)O
C00410	CC(=O)[C@H]1CC[C@@H]2[C@@]1(CC[C@H]3[C@H]2CCC4=CC(=O)CC[C@]34C)C
C00735	C[C@]12CCC(=O)C=C1CC[C@@H]3[C@@H]2[C@H](C[C@]4([C@H]3CC[C@@]4(C(=O)CO)O)C)O
C00674	C[C@]12CCC(=O)C[C@@H]1CC[C@@H]3[C@@H]2CC[C@]4([C@H]3CCC4=O)C
C01054	CC(=CCC/C(=C/CC/C(=C/CC/C=C(\C)/CC/C=C(\C)/CC[C@H]1C(O1)(C)C)/C)/C)C
C01724	C[C@H](CCC=C(C)C)[C@H]1CC[C@@]2([C@@]1(CCC3=C2CC[C@@H]4[C@@]3(CC[C@@H](C4(C)C)O)C)C)C
C11455	C[C@H](CCC=C(C)C)[C@H]1CC=C2[C@@]1(CCC3=C2CC[C@@H]4[C@@]3(CC[C@@H](C4(C)C)O)C)C
C15808	C[C@H](CCC=C(C)C)C1CCC2[C@@]1(CCC3=C2CC[C@@H]4[C@@]3(CC[C@@H]([C@@]4(C)C(=O)O)O)C)C
C05439	C[C@H](CCC=C(C)C)[C@H]1CC[C@@H]2[C@@]1(CCC3C2=CC[C@@H]4[C@@]3(CC[C@@H](C4)O)C)C
C05107	C[C@H](CCC=C(C)C)[C@H]1CC[C@@H]2[C@@]1(CC[C@H]3C2=CC=C4[C@@]3(CC[C@@H](C4)O)C)C
C01802	C[C@H](CCC=C(C)C)[C@H]1CC[C@@H]2[C@@]1(CC[C@H]3[C@H]2CC=C4[C@@]3(CC[C@@H](C4)O)C)C
C01189	C[C@H](CCCC(C)C)[C@H]1CC[C@@H]2[C@@]1(CC[C@H]3C2=CC[C@@H]4[C@@]3(CC[C@@H](C4)O)C)C
C01164	C[C@H](CCCC(C)C)[C@H]1CC[C@@H]2[C@@]1(CC[C@H]3C2=CC=C4[C@@]3(CC[C@@H](C4)O)C)C
C05109	C[C@H](CCCC(C)C)[C@H]1CC[C@@]2([C@@]1(CCC3=C2CC[C@@H]4[C@@]3(CC[C@@H](C4(C)C)O)C)C)C
C15915	C[C@H](CCCC(C)C)[C@H]1CCC2[C@@]1(CCC3=C2CC[C@@H]4[C@@]3(CC[C@@H](C4(C)C)O)C)C
C05437	C[C@H](CCC=C(C)C)[C@H]1CC[C@@H]2[C@@]1(CCC3=C2CC[C@@H]4[C@@]3(CC[C@@H](C4)O)C)C
C04730	CCCCCCCCCCCCC/C=C/[C@H]([C@H](CO[C@H]1[C@@H]([C@H]([C@@H]([C@H](O1)CO)O[C@H]2[C@@H]([C@H]([C@H]([C@H](O2)CO)O)O[C@@]3(C[C@@H]([C@H]([C@@H](O3)[C@@H]([C@@H](CO)O)O)NC(=O)C)O)C(=O)O)O)O)O)NC=O)O
C00570	C1=CN(C(=O)N=C1N)[C@H]2[C@@H]([C@@H]([C@H](O2)COP(=O)(O)OP(=O)(O)OCCN)O)O
C00307	C[N+](C)(C)CCOP(=O)([O-])OP(=O)(O)OC[C@@H]1[C@H]([C@H]([C@@H](O1)N2C=CC(=NC2=O)N)O)O
C00513	C1=CN(C(=O)N=C1N)[C@H]2[C@@H]([C@@H]([C@H](O2)COP(=O)(O)OP(=O)(O)OC[C@@H](CO)O)O)O
C00055	C1=CN(C(=O)N=C1N)[C@H]2[C@@H]([C@@H]([C@H](O2)COP(=O)(O)O)O)O
C03405	CCCCCCCCCCCCC/C=C/[C@H]([C@H](CO[C@H]1[C@@H]([C@H]([C@@H]([C@H](O1)CO)O[C@H]2[C@@H]([C@H]([C@H]([C@H](O2)CO)O)OS(=O)(=O)O)O)O)O)NC=O)O
C01747	CCCCCCCCCCCCC/C=C/[C@H]([C@H](CO[C@H]1[C@@H]([C@H]([C@H]([C@H](O1)CO)O)O)O)N)O
C02744	CCCCCCCCCCCCC/C=C/[C@H]([C@H](CO[C@H]1[C@@H]([C@H]([C@H]([C@H](O1)COS(=O)(=O)O)O)O)O)N)O
C04248	C([C@@H]1[C@H]([C@@H]([C@H]([C@H](O1)O[C@@H]2[C@H]([C@@H]([C@H]([C@H]([C@H]2OP(=O)(O)OCC(COC=O)OC=O)O)O)O)O)N)O)O)O
C03594	C[C@H](CCCC(C)C)[C@H]1CC[C@@H]2[C@@]1(CC[C@H]3[C@H]2[C@@H](C=C4[C@@]3(CC[C@@H](C4)O)C)O)C
C01794	C[C@H](CCC(=O)SCCNC(=O)CCNC(=O)[C@@H](C(C)(C)COP(=O)(O)OP(=O)(O)OC[C@@H]1[C@H]([C@H]([C@@H](O1)N2C=NC3=C(N=CN=C32)N)O)OP(=O)(O)O)O)[C@H]4CC[C@@H]5[C@@]4([C@H](C[C@H]6[C@H]5[C@@H](C[C@H]7[C@@]6(CC[C@H](C7)O)C)O)O)C
C00245	C(CS(=O)(=O)O)N
C05449	C[C@H](CCC(=O)C(C)C(=O)SCCNC(=O)CCNC(=O)[C@@H](C(C)(C)COP(=O)(O)OP(=O)(O)OC[C@@H]1[C@H]([C@H]([C@@H](O1)N2C=NC3=C(N=CN=C32)N)O)OP(=O)(O)O)O)[C@H]4CC[C@@H]5[C@@]4(CC[C@H]6[C@H]5[C@@H](C[C@H]7[C@@]6(CC[C@H](C7)O)C)O)C
C05337	C[C@H](CCC(=O)SCCNC(=O)CCNC(=O)[C@@H](C(C)(C)COP(=O)(O)OP(=O)(O)OC[C@@H]1[C@H]([C@H]([C@@H](O1)N2C=NC3=C(N=CN=C32)N)O)OP(=O)(O)O)O)[C@H]4CC[C@@H]5[C@@]4(CC[C@H]6[C@H]5[C@@H](C[C@H]7[C@@]6(CC[C@H](C7)O)C)O)C
C13550	C[C@H](CC[C@@H](C(C)C)O)[C@H]1CC[C@@H]2[C@@]1(CC[C@H]3[C@H]2CC=C4[C@@]3(CC[C@@H](C4)O)C)C
C06341	C[C@H](CCCC(C)CO)[C@H]1CC[C@@H]2[C@@]1(CC[C@H]3[C@H]2[C@@H](C=C4[C@@]3(CC[C@@H](C4)O)C)O)C
C05463	C[C@H](CCC(=O)NCCS(=O)(=O)O)[C@H]1CC[C@@H]2[C@@]1([C@H](C[C@H]3C2CC[C@H]4[C@@]3(CC[C@H](C4)O)C)O)C
C02592	C[C@H](CCC(=O)NCCS(=O)(=O)O)[C@H]1CC[C@@H]2[C@@]1(CC[C@H]3[C@H]2CC[C@H]4[C@@]3(CC[C@H](C4)O)C)C
C03642	C[C@H](CCC(=O)NCCS(=O)(=O)O)[C@H]1CC[C@@H]2[C@@]1(CC[C@H]3[C@H]2CC[C@H]4[C@@]3(CC[C@H](C4)OS(=O)(=O)O)C)C
C15557	C[C@H](CCC(=O)NCC(=O)O)[C@H]1CC[C@@H]2[C@@]1(CC[C@H]3[C@H]2CC[C@H]4[C@@]3(CC[C@H](C4)O)C)C
C01678	C(CS)N
C01921	C[C@H](CCC(=O)NCC(=O)O)[C@H]1CC[C@@H]2[C@@]1([C@H](C[C@H]3[C@H]2[C@@H](C[C@H]4[C@@]3(CC[C@H](C4)O)C)O)O)C
C08241	C[C@H]1[C@@H]([C@H]([C@H]([C@H](O1)O)O[C@@H]2[C@@H]([C@H](C=C(O2)C(=O)[O-])O)O)O)O.[Na+]
C05122	C[C@H](CCC(=O)NCCS(=O)(=O)O)[C@H]1CC[C@@H]2[C@@]1([C@H](C[C@H]3C2[C@@H](C[C@H]4[C@@]3(CC[C@H](C4)O)C)O)O)C
C05465	C[C@H](CCC(=O)NCCS(=O)(=O)O)[C@H]1CC[C@@H]2[C@@]1(CC[C@H]3[C@H]2[C@@H](C[C@H]4[C@@]3(CC[C@H](C4)O)C)O)C
C05466	C[C@H](CCC(=O)NCC(=O)O)[C@H]1CC[C@@H]2[C@@]1(CC[C@H]3[C@H]2[C@@H](C[C@H]4[C@@]3(CC[C@H](C4)O)C)O)C
C05787	CC1=C(NC(=C1CCC(=O)O[C@H]2[C@@H]([C@H]([C@@H]([C@H](O2)C(=O)O)O)O)O)CC3=C(C(=C(N3)/C=C\4/C(=C(C(=O)N4)C)C=C)C)CCC(=O)O[C@H]5[C@@H]([C@H]([C@@H]([C@H](O5)C(=O)O)O)O)O)/C=C\6/C(=C(C(=O)N6)C=C)C
C05841	C1=CC(=C[N+](=C1)[C@H]2[C@@H]([C@@H]([C@H](O2)CO)O)O)C(=O)O
C01134	CC(C)(COP(=O)(O)O)[C@H](C(=O)NCCC(=O)NCCS)O
C01220	[C@H]1([C@H](C([C@H]([C@H](C1OP(=O)(O)O)O)O)OP(=O)(O)O)O)O
C04477	[C@H]1([C@H](C([C@H]([C@@H](C1O)OP(=O)(O)O)OP(=O)(O)O)O)OP(=O)(O)O)OP(=O)(O)O
C01243	[C@H]1([C@H]([C@@H]([C@H]([C@H]([C@H]1OP(=O)(O)O)O)OP(=O)(O)O)OP(=O)(O)O)O)O
C04063	[C@@H]1([C@@H]([C@@H]([C@@H]([C@H]([C@@H]1O)OP(=O)(O)O)OP(=O)(O)O)O)O)O
C11555	[C@H]1([C@@H]([C@H]([C@@H]([C@H]([C@@H]1OP(=O)(O)O)OP(=O)(O)O)OP(=O)(O)O)OP(=O)(O)O)O)O
C04520	[C@H]1([C@@H]([C@@H]([C@H]([C@@H]([C@H]1OP(=O)(O)O)OP(=O)(O)O)OP(=O)(O)O)OP(=O)(O)O)O)O
C04062	[C@H]1([C@H](C([C@H]([C@@H](C1O)O)OP(=O)(O)O)O)OP(=O)(O)O)O
C05552	C1C2C([C@@H](S1)CCCCC(=O)NCCCC[C@@H](C(=O)O)N)NC(=O)N2
C01040	C([C@@H]([C@@H]1[C@@H]([C@@H](C(=O)O1)O)O)O)O
C00032	CC1=C(C2=CC3=NC(=CC4=C(C(=C([N-]4)C=C5C(=C(C(=N5)C=C1[N-]2)C=C)C)C=C)C)C(=C3CCC(=O)O)C)CCC(=O)O.[Fe+2]
C00072	C([C@@H]([C@@H]1C(=C(C(=O)O1)O)O)O)O
C14819	[Fe+3]
C00376	CC1=C(C(CCC1)(C)C)/C=C/C(=C/C=C/C(=C/C=O)/C)/C
C00978	CC(=O)NCCC1=CNC2=C1C=C(C=C2)O
C05635	C1=CC2=C(C=C1O)C(=CN2)CC(=O)O
C14153	CC1=C(C2=C(CC[C@@](O2)(C)CC/C=C(\C)/CC/C=C(\C)/CCC=C(C)C)C(=C1O)C)C
C02477	CC1=C(C2=C(CC[C@@](O2)(C)CCC[C@H](C)CCC[C@H](C)CCCC(C)C)C(=C1O)C)C
C19561	CC1=C2C(=C(C3=CC=CC=C13)CO)C=CC4=CC=CC=C42
C11088	C(CBr)Br
C07266	CC1=C(C(C(=C(N1)C)C(=O)OC)C2=CC=CC=C2[N+](=O)[O-])C(=O)OC
C09880	CC1=CCC2CC1C2(C)C
C16614	CSC1=NC=NC2=C1NC=N2
C01756	C1=NC2=C(N1)C(=S)N=CN2
C06697	[O-][As]([O-])[O-]
C07294	C[As](=O)(O)O
C01225	C([C@H](COP(=O)(O)OC1[C@@H]([C@H](C([C@H]([C@H]1O)O)O)O)O)O)O
C01119	C1[C@@H]([C@H](CSS1)O)O
C16741	C(C[C@@H](C(=O)O)N)[C@H](CN)O
C03366	C(C[C@@H](C(=O)O)N)[C@H](CN)OP(=O)(O)O
C04133	CC(=O)N[C@@H](CCC(=O)OP(=O)(O)O)C(=O)O
C07151	CN(C)C(=N)N=C(N)N
C06527	COC1=CC2=C(C=CN=C2C=C1)[C@@H]([C@H]3CC4CCN3C[C@@H]4C=C)O
C00305	[Mg+2]
C06952	CC1=C(N=CN1)CSCCNC(=NC)NC#N
C17076	CCCCCCCCCCCCC(=O)O
C16537	CCCCCCCCCCCCCCC(=O)O
C16536	CCCCCCC/C=C/CCCCCCCC(=O)O
C08367	CCCCCC/C=C/CCCCCCCCCC(=O)O
C16535	CCCCCCCCCCCCCCCCCCC(=O)O
C16526	CCCCCCCC/C=C\CCCCCCCCCC(=O)O
C08316	CCCCCCCC/C=C\CCCCCCCCCCCC(=O)O
C08323	CCCCCCCC/C=C\CCCCCCCCCCCCCC(=O)O
C06427	CC/C=C\C/C=C\C/C=C\CCCCCCCC(=O)O
C16300	CC/C=C\C/C=C\C/C=C\C/C=C\CCCCC(=O)O
C16513	CC/C=C\C/C=C\C/C=C\C/C=C\C/C=C\CCCCCC(=O)O
C06429	CC/C=C\C/C=C\C/C=C\C/C=C\C/C=C\C/C=C\CCC(=O)O
C16522	CC/C=C\C/C=C\C/C=C\CCCCCCCCCC(=O)O
C16534	CC/C=C/C/C=C/C/C=C/CCCCCCCCCCCC(=O)O
C06426	CCCCC/C=C\C/C=C\C/C=C\CCCCC(=O)O
C16527	CCCCC/C=C\C/C=C\C/C=C\C/C=C\CCCCCC(=O)O
C16525	CCCCC/C=C\C/C=C\CCCCCCCCCC(=O)O
C16533	CCCCC/C=C\C/C=C\CCCCCCCCCCCC(=O)O
C00440	CN1[C@H](CNC2=C1C(=O)NC(=N2)N)CNC3=CC=C(C=C3)C(=O)N[C@@H](CCC(=O)O)C(=O)O
C00147	C1=NC2=NC=NC(=C2N1)N
C00238	[K+]
C00214	CC1=CN(C(=O)NC1=O)[C@H]2C[C@@H]([C@H](O2)CO)O
C00388	C1=C(NC=N1)CCN
C00387	C1=NC2=C(N1[C@H]3[C@@H]([C@@H]([C@H](O3)CO)O)O)N=C(NC2=O)N
C00183	CC(C)[C@@H](C(=O)O)N
C00407	CC[C@H](C)[C@@H](C(=O)O)N
C00263	C(CO)[C@@H](C(=O)O)N
C00038	[Zn+2]
C00378	CC1=C(SC=[N+]1CC2=CN=C(N=C2N)C)CCO
C05963	CCCCC[C@@H](/C=C/[C@@H]1[C@H]([C@H](C[C@H](O1)O)O)C/C=C\CCCC(=O)O)O
C06462	CCCCC/C=C\C/C=C\C=C\C=C\[C@H]([C@H](CCCC(=O)O)O)SC[C@@H](C(=O)O)NC(=O)CC[C@@H](C(=O)O)N
C00959	CCCCC[C@@H](/C=C/C1=C(C(=O)CC1)CCCCCCC(=O)O)O
C05954	CCCCC[C@@H](/C=C/C1=C(C(=O)CC1)C/C=C\CCCC(=O)O)O
C04686	CCCCC[C@@H](/C=C/C1=CCC(=O)[C@@H]1CCCCCCC(=O)O)O
C05955	CCCCC[C@@H](/C=C/C1=CCC(=O)[C@@H]1C/C=C\CCCC(=O)O)O
C06438	CCCCC[C@@H](/C=C/[C@@H]1[C@H]([C@H](CC1=O)O)CCCCCCC(=O)O)O
C13802	CC/C=C\C[C@@H](/C=C/[C@@H]1[C@H]([C@H](CC1=O)O)C/C=C\CCCC(=O)O)O
C06475	CCCCC[C@@H](/C=C/[C@H]1[C@@H](C[C@@H]([C@@H]1CCCCCCC(=O)O)O)O)O
C02314	CCCCC[C@@H](/C=C/[C@H]1[C@@H](C[C@H]([C@@H]1C/C=C\CCCC(=O)O)O)O)O
C01312	CCCCC[C@@H](/C=C/[C@H]1[C@@H](C[C@H]2[C@@H]1CC(=CCCCC(=O)O)O2)O)O
C01996	CC(=O)OCC[N+](C)(C)C
C04555	C[C@]12CC[C@H]3[C@H]([C@@H]1CCC2=O)CC=C4[C@@]3(CC[C@@H](C4)OS(=O)(=O)O)C
C05512	C1[C@@H]([C@H](O[C@H]1N2C=NC3=C2N=CNC3=O)CO)O
C00209	C(=O)(C(=O)O)O
C00076	[Ca+2]
C00402	C([C@H](C(=O)O)N)C(=O)O
C00133	C[C@H](C(=O)O)N
C05503	C[C@]12CC[C@H]3[C@H]([C@@H]1CC[C@@H]2O)CCC4=C3C=CC(=C4)O[C@H]5[C@@H]([C@H]([C@@H]([C@H](O5)C(=O)O)O)O)O
C00120	C1[C@H]2[C@@H]([C@@H](S1)CCCCC(=O)O)NC(=O)N2
C01419	C([C@@H](C(=O)NCC(=O)O)N)S
C01081	CC1=C(SC=[N+]1CC2=CN=C(N=C2N)C)CCOP(=O)(O)O
C00575	C1[C@@H]2[C@H]([C@H]([C@@H](O2)N3C=NC4=C(N=CN=C43)N)O)OP(=O)(O1)O
C00942	C1[C@@H]2[C@H]([C@H]([C@@H](O2)N3C=NC4=C3N=C(NC4=O)N)O)OP(=O)(O1)O
C00301	C1=NC(=C2C(=N1)N(C=N2)[C@H]3[C@@H]([C@@H]([C@H](O3)COP(=O)(O)OP(=O)(O)OC[C@@H]4[C@H]([C@H]([C@@H](O4)O)O)O)O)O)N
C11133	C[C@]12CC[C@H]3[C@H]([C@@H]1CCC2=O)CCC4=C3C=CC(=C4)O[C@H]5[C@@H]([C@H]([C@@H]([C@H](O5)C(=O)O)O)O)O
C11135	C[C@]12CC[C@H](C[C@@H]1CC[C@@H]3[C@@H]2CC[C@]4([C@H]3CCC4=O)C)O[C@H]5[C@@H]([C@H]([C@@H]([C@H](O5)C(=O)O)O)O)O
C11136	C[C@]12CC[C@H](C[C@H]1CC[C@@H]3[C@@H]2CC[C@]4([C@H]3CCC4=O)C)O[C@H]5[C@@H]([C@H]([C@@H]([C@H](O5)C(=O)O)O)O)O
C05504	C[C@]12CC[C@H]3[C@H]([C@@H]1C[C@H]([C@@H]2O)O[C@H]4[C@@H]([C@H]([C@@H]([C@H](O4)C(=O)O)O)O)O)CCC5=C3C=CC(=C5)O
C00380	C1=C(NC(=O)N=C1)N
C00255	CC1=CC2=C(C=C1C)N(C3=NC(=O)NC(=O)C3=N2)C[C@@H]([C@@H]([C@@H](CO)O)O)O
C11134	C[C@]12CC[C@H]3[C@H]([C@@H]1CC[C@@H]2O[C@H]4[C@@H]([C@H]([C@@H]([C@H](O4)C(=O)O)O)O)O)CCC5=CC(=O)CC[C@]35C
C00719	C[N+](C)(C)CC(=O)[O-]
C00763	C1C[C@@H](NC1)C(=O)O
C00791	CN1CC(=O)N=C1N
C02918	C[N+]1=CC=CC(=C1)C(=O)N
C00956	C(C[C@@H](C(=O)O)N)CC(=O)O
C01673	C[C@H](CCCC(C)(C)O)[C@H]1CC[C@@H]\2[C@@]1(CCC/C2=C\C=C/3\C[C@H](C[C@@H](C3=C)O)O)C
C00322	C(CC(=O)C(=O)O)CC(=O)O
C01079	CC1=C2CC3=C(C(=C(N3)CC4=C(C(=C(N4)CC5=C(C(=C(N5)CC(=C1CCC(=O)O)N2)CCC(=O)O)C)C=C)C)C=C)C
C02191	CC1=C(C2=CC3=NC(=CC4=NC(=CC5=C(C(=C(N5)C=C1N2)C=C)C)C(=C4CCC(=O)O)C)C(=C3C)CCC(=O)O)C=C
C00383	C(C(=O)O)C(=O)O
C00541	CC1=CC2=C(C=C1C)N(C=N2)[C@@H]3[C@@H]([C@@H]([C@H](O3)CO)OP(=O)([O-])O[C@H](C)CNC(=O)CC[C@@]\4([C@H](C5[C@]6([C@@]([C@@H](C(=N6)/C(=C\7/[C@@]([C@@H](C(=N7)/C=C\8/C([C@@H](C(=N8)/C(=C4\[N-]5)/C)CCC(=O)N)(C)C)CCC(=O)N)(C)CC(=O)N)/C)CCC(=O)N)(C)CC(=O)N)C)CC(=O)N)C)O.[Co+2]
C06472	[C@@H]1([C@@H]([C@@H](OC([C@@H]1O)O)C(=O)O)O)O
C00144	C1=NC2=C(N1[C@H]3[C@@H]([C@@H]([C@H](O3)COP(=O)(O)O)O)O)N=C(NC2=O)N
C00550	CCCCCCCCCCCCC/C=C/[C@H]([C@H](COP(=O)(O)OCC[N+](C)(C)C)NC=O)O
C05634	C1=CC2=C(C=C1O)C(=CN2)CC=O
C03845	C[C@H](CCCC(C)C)[C@H]1CC[C@@H]2[C@@]1(CCC3=C2CC[C@@H]4[C@@]3(CC[C@@H](C4)O)C)C
C14748	C(CC/C=C\C/C=C\C/C=C\C/C=C\CCCC(=O)O)CCO
C05444	C[C@H](CCCC(C)CO)[C@H]1CC[C@@H]2[C@@]1(CC[C@H]3[C@H]2[C@@H](C[C@H]4[C@@]3(CC[C@H](C4)O)C)O)C
C05445	C[C@H](CCCC(C)C=O)[C@H]1CC[C@@H]2[C@@]1(CC[C@H]3[C@H]2[C@@H](C[C@H]4[C@@]3(CC[C@H](C4)O)C)O)C
C01301	C[C@H](CCCC(C)C=O)[C@H]1CC[C@@H]2[C@@]1([C@H](C[C@H]3[C@H]2[C@@H](C[C@H]4[C@@]3(CC[C@H](C4)O)C)O)O)C
C00527	CC(C)(COP(=O)(O)OP(=O)(O)OC[C@@H]1[C@H]([C@H]([C@@H](O1)N2C=NC3=C(N=CN=C32)N)O)OP(=O)(O)O)[C@H](C(=O)NCCC(=O)NCCSC(=O)CCCC(=O)O)O
C00993	C[C@H](C(=O)N[C@H](C)C(=O)O)N
C00253	C1=CC(=CN=C1)C(=O)O
C01717	C1=CC=C2C(=C1)C(=O)C=C(N2)C(=O)O
C01468	CC1=CC=C(C=C1)O
C02155	CC(C)C[C@@H](C(=O)O)NC(=O)CN
C04042	C[C@@H]([C@H]1CC[C@@H]2[C@@]1(CC[C@H]3[C@H]2CCC4=CC(=O)CC[C@]34C)C)O
C00489	C(CC(=O)O)CC(=O)O
C00811	C1=CC(=CC=C1/C=C/C(=O)O)O
C13713	C[C@]12CC[C@H](C[C@@H]1CC[C@@H]3[C@@H]2CC[C@]4([C@H]3CC[C@@H]4C(=O)CO)C)O
C05488	C[C@]12CCC(=O)C=C1CC[C@@H]3[C@@H]2CC[C@]4([C@H]3CC[C@@]4(C(=O)CO)O)C
C03205	C[C@]12CC[C@H]3[C@H]([C@@H]1CC[C@@H]2C(=O)CO)CCC4=CC(=O)CC[C@]34C
C00218	CN
C05769	CC1=C(C2=CC3=NC(=CC4=NC(=CC5=C(C(=C(N5)C=C1N2)CCC(=O)O)C)C(=C4C)CCC(=O)O)C(=C3C)CCC(=O)O)CCC(=O)O
C00818	[C@H]([C@@H]([C@@H](C(=O)O)O)O)([C@H](C(=O)O)O)O
C05852	C1=CC=C(C(=C1)CC(=O)O)O
C01029	CC(=O)NCCCCNCCCN
C05770	CC1=C(C2=CC3=C(C(=C(N3)C=C4C(=C(C(=N4)C=C5C(=C(C(=N5)C=C1N2)C)CCC(=O)O)C)CCC(=O)O)C)CCC(=O)O)CCC(=O)O
C12144	CCCCCCCCCCCCCC[C@H]([C@H]([C@H](CO)N)O)O
C00319	CCCCCCCCCCCCC/C=C/[C@H]([C@H](CO)N)O
C05464	C[C@H](CCC(=O)NCC(=O)O)[C@H]1CC[C@@H]2[C@@]1([C@H](C[C@H]3[C@H]2CC[C@H]4[C@@]3(CC[C@H](C4)O)C)O)C
C18041	C[C@@H]([C@H]1CC[C@@H]2[C@@]1(CC[C@H]3[C@H]2CC[C@@H]4[C@@]3(CCC(=O)C4)C)C)O
C04518	C[C@@H]([C@]1(CC[C@@H]2[C@@]1(CC[C@H]3[C@H]2CCC4=CC(=O)CC[C@]34C)C)O)O
C00519	C(CS(=O)O)N
C03461	CC(=CCC/C(=C/CC/C(=C/C=O)/C)/C)C
C16683	CC1=C(C(CCC1=O)(C)C)/C=C/C(=C/C=C/C(=C/CO)/C)/C
